fold,horizon,test_year,hash,config,model,strategy,NSE,KGE,HitRatio,FARate,FARatio,F1,Precision,Recall,n_extreme,PeakTiming_mean_lag,PeakTiming_mean_absolute_lag,PeakTiming_n_peaks,NSE_CI_lower,NSE_CI_upper,KGE_CI_lower,KGE_CI_upper,F1_CI_lower,F1_CI_upper,HitRatio_CI_lower,HitRatio_CI_upper,n_replicas,frac,mean_abs_deviation_from_baseline,mean_std_across_replicas,max_std_across_replicas,delta_hit_ratio,delta_farate,rf_branch_stability,seed,threshold_percentile
M5_2017,48h,2017,2de09d49df2fedb0,M5,seq2seq_rf,expanding,0.1257936496915275,0.0745269340461766,0.4482758620689655,0.1253731343283582,0.65625,0.4731182795698925,0.34375,0.7586206896551724,29.0,0.0,1.3333333333333333,12.0,-0.2069631306764877,0.3409328093501534,-0.1410692699545861,0.2113864582914661,0.329025610833088,0.5843688037012559,0.2855714285714286,0.6401290322580646,,,,,,,,,92,90
quantile_regression_2017,48h,2017,2de09d49df2fedb0,quantile_regression,baseline,expanding,0.5063862227828815,0.5865436458902307,0.0,0.0328358208955223,0.6111111111111112,0.2978723404255319,0.3888888888888889,0.2413793103448276,29.0,0.5833333333333334,1.5833333333333333,12.0,0.4206175052843193,0.5812120529026502,0.5018098643008363,0.6588742814240511,0.1360795454545454,0.4615384615384615,0.0,0.0,,,,,,,,,92,90
gradient_boosting_quantile_2017,48h,2017,2de09d49df2fedb0,gradient_boosting_quantile,baseline,expanding,0.5654326613817554,0.5425814282361352,0.0,0.0208955223880597,0.5,0.3255813953488372,0.5,0.2413793103448276,29.0,-0.3333333333333333,1.3333333333333333,12.0,0.4942361991506991,0.6347235055674523,0.4617575500908349,0.6495381792285159,0.1459437963944856,0.5006578947368423,0.0,0.0,,,,,,,,,92,90
heuristic_ensemble_2017,48h,2017,2de09d49df2fedb0,heuristic_ensemble,baseline,expanding,0.3509544892519671,0.3162207613612949,0.3448275862068966,0.1014925373134328,0.6181818181818182,0.5000000000000001,0.3818181818181818,0.7241379310344828,29.0,-0.0833333333333333,1.25,12.0,0.0983442714181474,0.5091970344426419,0.1288415336538814,0.4411224534576257,0.3678126768534239,0.6216654966654966,0.1875,0.5185555555555555,,,,,,,,,92,90
M5_2018,48h,2018,d7f9d634d34ce316,M5,seq2seq_rf,expanding,-0.9012644758507302,-0.080929378035206,0.5454545454545454,0.1286549707602339,0.7457627118644068,0.3703703703703703,0.2542372881355932,0.6818181818181818,22.0,0.6666666666666666,1.0666666666666669,15.0,-1.9207277733089951,-0.1963091973692026,-0.3712322259299068,0.1378555566265212,0.2352088661551577,0.5135328185328185,0.3495833333333333,0.7503676470588236,,,,,,,,,92,90
quantile_regression_2018,48h,2018,d7f9d634d34ce316,quantile_regression,baseline,expanding,0.3495026408332515,0.4099619864210335,0.0454545454545454,0.0029239766081871,0.25,0.2307692307692307,0.75,0.1363636363636363,22.0,1.0,1.6666666666666667,15.0,0.2538105774755617,0.4432966661134997,0.3180619653389924,0.5114059590740392,0.0,0.4446969696969697,0.0,0.1538461538461538,,,,,,,,,92,90
gradient_boosting_quantile_2018,48h,2018,d7f9d634d34ce316,gradient_boosting_quantile,baseline,expanding,0.4181528339152758,0.4355044612080371,0.0,0.0,0.0,0.1666666666666666,1.0,0.0909090909090909,22.0,1.2666666666666666,1.4,15.0,0.3319966481888218,0.4987575381347828,0.3375026822805909,0.5349604532170599,0.0,0.3756250000000001,0.0,0.0,,,,,,,,,92,90
heuristic_ensemble_2018,48h,2018,d7f9d634d34ce316,heuristic_ensemble,baseline,expanding,-0.2673963689989633,0.1408876350204192,0.3181818181818182,0.1140350877192982,0.7222222222222222,0.3947368421052631,0.2777777777777778,0.6818181818181818,22.0,0.5333333333333333,0.9333333333333332,15.0,-0.8270480319797804,0.1928058187942747,-0.0778411535778259,0.3227936726889728,0.2622950819672131,0.5333663366336634,0.1426190476190476,0.5005000000000002,,,,,,,,,92,90
M5_2019,48h,2019,bfff9814071f0e3c,M5,seq2seq_rf,expanding,0.4489426858951362,0.5226306850635882,0.3255813953488372,0.0993788819875776,0.4923076923076923,0.611111111111111,0.5076923076923077,0.7674418604651163,43.0,0.625,1.5,16.0,0.3440154272724858,0.5511261779632948,0.4484164227949748,0.5973741543034727,0.4998655913978495,0.7013017648086669,0.1891106222501571,0.468936011904762,,,,,,,,,92,90
quantile_regression_2019,48h,2019,bfff9814071f0e3c,quantile_regression,baseline,expanding,0.4260728053110544,0.4360504495801485,0.0232558139534883,0.0341614906832298,0.4782608695652174,0.3636363636363636,0.5217391304347826,0.2790697674418604,43.0,0.375,1.5,16.0,0.3454596168611101,0.5452191320295476,0.3349089682079008,0.5974850208928493,0.2153846153846154,0.486653091447612,0.0,0.0769230769230769,,,,,,,,,92,90
gradient_boosting_quantile_2019,48h,2019,bfff9814071f0e3c,gradient_boosting_quantile,baseline,expanding,0.4539006090580203,0.3993514693058977,0.0465116279069767,0.031055900621118,0.3448275862068966,0.5277777777777777,0.6551724137931034,0.4418604651162791,43.0,0.375,1.5,16.0,0.3891875321408583,0.5687877334166722,0.3087595970472407,0.5402119399001768,0.3926742685025818,0.6751462765957448,0.0,0.1071669884169884,,,,,,,,,92,90
heuristic_ensemble_2019,48h,2019,bfff9814071f0e3c,heuristic_ensemble,baseline,expanding,0.5089273081730152,0.535324531904763,0.3720930232558139,0.0993788819875776,0.4848484848484848,0.6238532110091742,0.5151515151515151,0.7906976744186046,43.0,0.5,1.375,16.0,0.3329999042024744,0.6042114725019839,0.4363785866240218,0.5984623941763758,0.5239557462181079,0.7131785563528915,0.2379568106312292,0.5280448717948719,,,,,,,,,92,90
M5_2020,48h,2020,e61451c433ce7a9b,M5,seq2seq_rf,expanding,0.2532439296338494,0.5388669998085097,0.4680851063829787,0.0788643533123028,0.4098360655737705,0.6666666666666666,0.5901639344262295,0.7659574468085106,47.0,-0.1,1.5,20.0,-0.0028826863807594,0.4752601337037478,0.4025876822235801,0.6265847472332114,0.5712454212454212,0.7547679755226926,0.3190133500208594,0.6153846153846154,,,,,,,,,92,90
quantile_regression_2020,48h,2020,e61451c433ce7a9b,quantile_regression,baseline,expanding,0.4813580191658084,0.4789563756201156,0.0425531914893617,0.0157728706624605,0.3125,0.3492063492063492,0.6875,0.2340425531914893,47.0,0.8,1.6,20.0,0.4079332477173207,0.5767205467701197,0.4001625775575348,0.5760725599270521,0.1753383458646616,0.4929347826086957,0.0,0.1027173913043478,,,,,,,,,92,90
gradient_boosting_quantile_2020,48h,2020,e61451c433ce7a9b,gradient_boosting_quantile,baseline,expanding,0.5979620210009323,0.5550369460722235,0.0851063829787234,0.0063091482649842,0.0869565217391304,0.6,0.9130434782608696,0.4468085106382978,47.0,0.6,1.5,20.0,0.5202288824492874,0.6879914890530978,0.4719887958286997,0.647604217700352,0.4373468137254903,0.722348484848485,0.0208227040816326,0.1571078431372549,,,,,,,,,92,90
heuristic_ensemble_2020,48h,2020,e61451c433ce7a9b,heuristic_ensemble,baseline,expanding,0.1261376227384115,0.3694637386860537,0.5957446808510638,0.0820189274447949,0.4,0.6964285714285714,0.6,0.8297872340425532,47.0,-0.15,1.45,20.0,-0.2018170859689538,0.3979403971805544,0.188544500299195,0.4978239383275353,0.6021374246000525,0.7809937888198758,0.4664583333333333,0.7291807432432432,,,,,,,,,92,90
M5_2021,48h,2021,d2cbc75d08987dfd,M5,seq2seq_rf,expanding,-0.0876116357475533,0.2883458166747221,0.1666666666666666,0.0251396648044692,0.6428571428571429,0.5,0.3571428571428571,0.8333333333333334,6.0,-0.2,1.0,5.0,-1.2178020072167788,0.4379897073420075,-0.0815251323775348,0.5264231955869608,0.1426190476190476,0.7700000000000001,0.0,0.6,,,,,,,,,92,90
quantile_regression_2021,48h,2021,d2cbc75d08987dfd,quantile_regression,baseline,expanding,0.2806195766465648,0.3464456774853395,0.0,0.0027932960893854,1.0,0.0,0.0,0.0,6.0,1.8,1.8,5.0,0.1734995578876365,0.3515189987262098,0.2516974492927157,0.5049652896834985,0.0,0.0,0.0,0.0,,,,,,,,,92,90
gradient_boosting_quantile_2021,48h,2021,d2cbc75d08987dfd,gradient_boosting_quantile,baseline,expanding,0.3601886884523317,0.3704984677539871,0.0,0.0,0.0,0.0,0.0,0.0,6.0,0.4,0.4,5.0,0.2910732180362607,0.4610284049572092,0.2663357263153287,0.539694124687858,0.0,0.0,0.0,0.0,,,,,,,,,92,90
heuristic_ensemble_2021,48h,2021,d2cbc75d08987dfd,heuristic_ensemble,baseline,expanding,-0.1193229543771394,0.0973187063731364,0.1666666666666666,0.0363128491620111,0.7222222222222222,0.4166666666666667,0.2777777777777778,0.8333333333333334,6.0,0.8,0.8,5.0,-1.2745317429831096,0.3824977205473016,-0.2214187803471671,0.3355384943743477,0.1109649122807017,0.6666666666666666,0.0,0.6,,,,,,,,,92,90
M5_2022,48h,2022,1bc538582d22b2fe,M5,seq2seq_rf,expanding,0.5045450000705639,0.6125287098399367,0.5714285714285714,0.0807453416149068,0.4482758620689655,0.64,0.5517241379310345,0.7619047619047619,42.0,1.3333333333333333,1.3333333333333333,18.0,0.312919925460154,0.6209427135636799,0.4277138048005242,0.6911219278674299,0.5134534534534534,0.740873015873016,0.4250126646403242,0.7272727272727273,,,,,,,,,92,90
quantile_regression_2022,48h,2022,1bc538582d22b2fe,quantile_regression,baseline,expanding,0.3372787173148878,0.3742136026360793,0.119047619047619,0.0496894409937888,0.4705882352941176,0.4736842105263158,0.5294117647058824,0.4285714285714285,42.0,1.4444444444444444,1.6666666666666667,18.0,0.2100045267692415,0.4737998143009277,0.2503676551266715,0.5256689756768506,0.3235294117647059,0.6001162790697675,0.0199901960784313,0.2273051948051948,,,,,,,,,92,90
gradient_boosting_quantile_2022,48h,2022,1bc538582d22b2fe,gradient_boosting_quantile,baseline,expanding,0.4098332698849135,0.353214753145698,0.0952380952380952,0.0186335403726708,0.2,0.6666666666666666,0.8,0.5714285714285714,42.0,1.0,1.8888888888888888,18.0,0.3081056584712653,0.528734136194386,0.2318381194456511,0.515403421968816,0.534907908992416,0.7907415533128566,0.0,0.2,,,,,,,,,92,90
heuristic_ensemble_2022,48h,2022,1bc538582d22b2fe,heuristic_ensemble,baseline,expanding,0.4882780216977491,0.5072682087918079,0.5714285714285714,0.1055900621118012,0.5074626865671642,0.6055045871559633,0.4925373134328358,0.7857142857142857,42.0,1.6111111111111112,1.6111111111111112,18.0,0.2760213288516535,0.5947169224956497,0.3241278523399042,0.6099778862113421,0.4650955149501661,0.7103199746554729,0.4217857142857143,0.7250568181818182,,,,,,,,,92,90
M5_2023,48h,2023,c330caca3da1421a,M5,seq2seq_rf,expanding,-0.5388002953021576,0.1737722250718264,0.5806451612903226,0.2277227722772277,0.575,0.5604395604395604,0.425,0.8225806451612904,62.0,0.32,1.28,25.0,-1.293862416076164,-0.1197407379367799,-0.0655575175698603,0.3246521913219392,0.4786303191489362,0.6293368046040012,0.4570779220779221,0.7031698258196721,,,,,,,,,92,90
quantile_regression_2023,48h,2023,c330caca3da1421a,quantile_regression,baseline,expanding,0.3590356410110737,0.4140463023075438,0.0806451612903225,0.0231023102310231,0.3043478260869565,0.3764705882352941,0.6956521739130435,0.2580645161290322,62.0,0.72,1.6,25.0,0.2672155569083504,0.4569931422981843,0.3076162658803726,0.5212941998495487,0.2322997416020671,0.4875,0.0192129629629629,0.1515408320493066,,,,,,,,,92,90
gradient_boosting_quantile_2023,48h,2023,c330caca3da1421a,gradient_boosting_quantile,baseline,expanding,0.4013747049271231,0.4315627878524967,0.0483870967741935,0.0396039603960396,0.4137931034482758,0.3736263736263736,0.5862068965517241,0.2741935483870967,62.0,0.64,1.28,25.0,0.3012036107885689,0.505066857180235,0.3205682288534207,0.5354390840623313,0.2629892037786774,0.4843274853801169,0.0,0.1111904761904762,,,,,,,,,92,90
heuristic_ensemble_2023,48h,2023,c330caca3da1421a,heuristic_ensemble,baseline,expanding,-0.5164555286294199,0.1585010103331211,0.6129032258064516,0.2343234323432343,0.568,0.5775401069518716,0.432,0.8709677419354839,62.0,0.68,1.32,25.0,-1.268651520662353,-0.0899453735627098,-0.090478149629396,0.3099366528424436,0.4971157568718544,0.644808743169399,0.4917888984756974,0.721415943426551,,,,,,,,,92,90
M1_2017,48h,2017,453cf4f2b23a9c65,M1,seq2seq_base,expanding,0.3739104753859613,0.4246253380094775,0.0689655172413793,0.017910447761194,0.5,0.2926829268292683,0.5,0.2068965517241379,29.0,1.3333333333333333,1.8333333333333333,12.0,0.2318452601761172,0.5043575194151332,0.3170386480429109,0.5336367312848956,0.1052631578947368,0.4737986270022883,0.0,0.1818181818181818,,,,,,,,,92,90
M1_2018,48h,2018,e7282e335f8860a2,M1,seq2seq_base,expanding,0.210727508630159,0.3203493566447195,0.0454545454545454,0.0029239766081871,0.5,0.0833333333333333,0.5,0.0454545454545454,22.0,1.2666666666666666,1.933333333333333,15.0,0.0852347733255859,0.3347882552281146,0.180107351839704,0.4738421782380331,0.0,0.2502717391304348,0.0,0.1430357142857143,,,,,,,,,92,90
M1_2019,48h,2019,49498974a76555c9,M1,seq2seq_base,expanding,0.6434392016133879,0.6168198879222133,0.2558139534883721,0.0186335403726708,0.1875,0.6933333333333334,0.8125,0.6046511627906976,43.0,1.3125,1.9375,16.0,0.5349668194201724,0.734931996973709,0.528393771224962,0.7346159810313925,0.5787593984962406,0.8102681545636241,0.1320630585898709,0.4001063829787235,,,,,,,,,92,90
M1_2020,48h,2020,7d579f7df2e72e4f,M1,seq2seq_base,expanding,0.5576440942287408,0.5655130811508495,0.1489361702127659,0.0094637223974763,0.12,0.6111111111111112,0.88,0.4680851063829787,47.0,0.7,1.9,20.0,0.4333534387652411,0.6649311570333268,0.4445354878391015,0.674594218997618,0.4805944846292947,0.7189062500000001,0.0576136363636363,0.2501453488372093,,,,,,,,,92,90
M1_2021,48h,2021,d35581d9710745a8,M1,seq2seq_base,expanding,0.2369091260622571,0.5478208182428841,0.0,0.0167597765363128,0.6,0.5,0.4,0.6666666666666666,6.0,0.0,0.8,5.0,-0.3184269919109285,0.4923992813492137,0.4166793359624945,0.6429878844075656,0.1147058823529412,0.7999999999999999,0.0,0.0,,,,,,,,,92,90
M1_2022,48h,2022,57a92a301e7db750,M1,seq2seq_base,expanding,0.5379152324106431,0.485157656640792,0.2142857142857142,0.0062111801242236,0.0714285714285714,0.742857142857143,0.9285714285714286,0.6190476190476191,42.0,1.3333333333333333,1.6666666666666667,18.0,0.4023277217971422,0.6769379649122784,0.3434005650542797,0.6484875697314758,0.6026062978117773,0.8422855082912761,0.0856547619047619,0.3947368421052631,,,,,,,,,92,90
M1_2023,48h,2023,fe9f529380448eab,M1,seq2seq_base,expanding,0.2652096315741932,0.4682504176936199,0.1935483870967742,0.033003300330033,0.2631578947368421,0.56,0.7368421052631579,0.4516129032258064,62.0,1.28,1.68,25.0,0.0791901593162738,0.4320528359186182,0.3295453354326587,0.5873859062674232,0.4466273088613514,0.6666666666666666,0.1059514637904468,0.2963107638888889,,,,,,,,,92,90
M2_2017,48h,2017,6b72decd0e4eec90,M2,seq2seq_base,expanding,0.5550488767673118,0.6436185145766351,0.2068965517241379,0.0567164179104477,0.5588235294117647,0.4761904761904761,0.4411764705882353,0.5172413793103449,29.0,-0.6666666666666666,1.5,12.0,0.41887433538657,0.661256820392866,0.5314905051724743,0.7126389262882801,0.3027272727272727,0.6130978865406007,0.0740079365079365,0.3796101949025487,,,,,,,,,92,90
M2_2018,48h,2018,c59c7fb0e2bc27d6,M2,seq2seq_base,expanding,0.1132492716997767,0.3724883958288882,0.0454545454545454,0.0204678362573099,0.7777777777777778,0.1290322580645161,0.2222222222222222,0.0909090909090909,22.0,1.8666666666666667,1.8666666666666667,15.0,-0.0935370654969958,0.2309761214913872,0.2437293402222036,0.4752503348295832,0.0,0.3076923076923076,0.0,0.1430357142857143,,,,,,,,,92,90
M2_2019,48h,2019,5173fd18b7bc11af,M2,seq2seq_base,expanding,0.6630431495962779,0.7079615360927354,0.3488372093023256,0.031055900621118,0.25,0.7228915662650603,0.75,0.6976744186046512,43.0,1.375,1.875,16.0,0.5565815928432369,0.7389082125691855,0.631954240901548,0.7839735439542914,0.6193569310600445,0.820625,0.2338037342596613,0.4891666666666667,,,,,,,,,92,90
M2_2020,48h,2020,3faf2edf5982804e,M2,seq2seq_base,expanding,0.4567107588574297,0.578057012644595,0.425531914893617,0.0504731861198738,0.32,0.7010309278350516,0.68,0.723404255319149,47.0,0.4,1.4,20.0,0.2785352853658456,0.623603135132253,0.4692504022295929,0.634315078700031,0.5975313479623824,0.8077020202020202,0.2916666666666667,0.5476190476190477,,,,,,,,,92,90
M2_2021,48h,2021,43b7fe27dd050285,M2,seq2seq_base,expanding,0.3008315287020817,0.6090815968392314,0.3333333333333333,0.0223463687150838,0.6666666666666666,0.4444444444444444,0.3333333333333333,0.6666666666666666,6.0,0.4,0.4,5.0,-0.2911766350730851,0.5721759119792922,0.4048145710241948,0.706431238043875,0.1051315789473684,0.733421052631579,0.0,0.8008333333333336,,,,,,,,,92,90
M2_2022,48h,2022,06f5cb7a2737f544,M2,seq2seq_base,expanding,0.5450065184560987,0.676696269354998,0.5714285714285714,0.0590062111801242,0.3877551020408163,0.6593406593406593,0.6122448979591837,0.7142857142857143,42.0,1.2222222222222223,1.3333333333333333,18.0,0.3595106032898932,0.6591248037696252,0.5432299710840506,0.7376715283724591,0.5411302048909451,0.7473949579831933,0.4046428571428571,0.7203035714285715,,,,,,,,,92,90
M2_2023,48h,2023,b1287d00ebac36ad,M2,seq2seq_base,expanding,0.2523939434487323,0.5610283095723708,0.4354838709677419,0.1188118811881188,0.4444444444444444,0.6293706293706294,0.5555555555555556,0.7258064516129032,62.0,0.56,1.2,25.0,-0.0110921776760245,0.428551888353973,0.4372750719692663,0.6424597040157916,0.539127351218008,0.7125205479452055,0.3224871435250117,0.5458333333333334,,,,,,,,,92,90
M3_2017,48h,2017,cea8d7b7ee2bec86,M3,seq2seq_base,expanding,0.5403813790574634,0.532206325399142,0.0689655172413793,0.008955223880597,0.25,0.4390243902439025,0.75,0.3103448275862069,29.0,0.25,1.5833333333333333,12.0,0.4068167009795678,0.6593857719703847,0.4290350696260656,0.6455560800877298,0.2307142857142857,0.6230020491803279,0.0,0.1818181818181818,,,,,,,,,92,90
M3_2018,48h,2018,1a88697effe2a024,M3,seq2seq_base,expanding,0.2050595028676798,0.2846074746922273,0.0,0.0029239766081871,0.5,0.0833333333333333,0.5,0.0454545454545454,22.0,0.9333333333333332,2.0,15.0,0.0829560079997687,0.3070045412332434,0.1584172461313384,0.4195064763282058,0.0,0.2502717391304348,0.0,0.0,,,,,,,,,92,90
M3_2019,48h,2019,55d3b507131c16cc,M3,seq2seq_base,expanding,0.5595088708160416,0.5210681130735402,0.2093023255813953,0.0093167701863354,0.1153846153846153,0.6666666666666665,0.8846153846153846,0.5348837209302325,43.0,0.5625,1.9375,16.0,0.4680270149915996,0.6595511370391233,0.4264078999424261,0.6599176972483568,0.5282522343594837,0.8102437880918893,0.1025,0.3590909090909091,,,,,,,,,92,90
M3_2020,48h,2020,91c7870ae026d649,M3,seq2seq_base,expanding,0.5818216606297337,0.6069539459347013,0.1702127659574468,0.0094637223974763,0.1034482758620689,0.6842105263157894,0.896551724137931,0.5531914893617021,47.0,0.15,1.45,20.0,0.4866035146749608,0.6779019029719406,0.4923626621075148,0.7190641420948698,0.5680798368298368,0.7792715097402597,0.0625,0.279093023255814,,,,,,,,,92,90
M3_2021,48h,2021,940fa5ff18142606,M3,seq2seq_base,expanding,0.2910623355890515,0.4144934827276586,0.0,0.0111731843575419,1.0,0.0,0.0,0.0,6.0,0.8,0.8,5.0,0.0781024895291164,0.4224730182631969,0.3056262477122294,0.5622629183733407,0.0,0.0,0.0,0.0,,,,,,,,,92,90
M3_2022,48h,2022,71be3587c3daff18,M3,seq2seq_base,expanding,0.5081596078108767,0.4781910850083568,0.1428571428571428,0.015527950310559,0.1785714285714285,0.6571428571428571,0.8214285714285714,0.5476190476190477,42.0,1.3888888888888888,2.055555555555556,18.0,0.3709451456089599,0.6507193339118688,0.3252377169925668,0.6574238378262646,0.5072761194029851,0.7750127551020408,0.054054054054054,0.2653807864609259,,,,,,,,,92,90
M3_2023,48h,2023,811dba691bd16665,M3,seq2seq_base,expanding,0.2683936131932258,0.5580401622361759,0.2419354838709677,0.0396039603960396,0.2608695652173913,0.6296296296296297,0.7391304347826086,0.5483870967741935,62.0,0.64,1.44,25.0,0.0331998757353537,0.4563769443086557,0.415910769430418,0.6599748477798766,0.504777183600713,0.7156751720183487,0.1448757763975155,0.3484848484848485,,,,,,,,,92,90
M4_2017,48h,2017,2de09d49df2fedb0,M4,seq2seq_base,expanding,0.504317072425158,0.6684826288447421,0.1034482758620689,0.0477611940298507,0.5714285714285714,0.4210526315789473,0.4285714285714285,0.4137931034482758,29.0,1.5,1.8333333333333333,12.0,0.3578640471942147,0.6403550268675223,0.5792789959461861,0.7371733036683165,0.2498903508771929,0.5846341463414635,0.0,0.2162795608108108,,,,,,,,,92,90
M4_2018,48h,2018,d7f9d634d34ce316,M4,seq2seq_base,expanding,0.0487767736052697,0.3277117051160388,0.0454545454545454,0.0204678362573099,0.7777777777777778,0.1290322580645161,0.2222222222222222,0.0909090909090909,22.0,2.0,2.0,15.0,-0.1448239087188072,0.1944246142931785,0.173514906831624,0.4596349550502304,0.0,0.3000757575757576,0.0,0.1430357142857143,,,,,,,,,92,90
M4_2019,48h,2019,bfff9814071f0e3c,M4,seq2seq_base,expanding,0.5068463111730901,0.6418563877958883,0.3488372093023256,0.0683229813664596,0.4150943396226415,0.6458333333333333,0.5849056603773585,0.7209302325581395,43.0,-0.0625,1.5625,16.0,0.4087603038985883,0.5867280889229813,0.5606113547775863,0.7266658201380456,0.5316197365021957,0.7292708333333333,0.2161679536679537,0.4884076886568581,,,,,,,,,92,90
M4_2020,48h,2020,e61451c433ce7a9b,M4,seq2seq_base,expanding,0.2390266060603857,0.499344809169148,0.5106382978723404,0.0725552050473186,0.3833333333333333,0.691588785046729,0.6166666666666667,0.7872340425531915,47.0,0.05,1.25,20.0,-0.1347820819055208,0.5209963191293162,0.3195599663578355,0.6100153318831355,0.5978935368754956,0.7734174757281554,0.3817321867321867,0.6581140350877194,,,,,,,,,92,90
M4_2021,48h,2021,d2cbc75d08987dfd,M4,seq2seq_base,expanding,0.3962129173583955,0.5769452910428694,0.1666666666666666,0.0223463687150838,0.6153846153846154,0.5263157894736842,0.3846153846153846,0.8333333333333334,6.0,0.0,0.4,5.0,-0.0945643482626601,0.631877906869931,0.4005118532638554,0.6710709686892361,0.1535714285714285,0.7999999999999999,0.0,0.6,,,,,,,,,92,90
M4_2022,48h,2022,1bc538582d22b2fe,M4,seq2seq_base,expanding,0.5388955436926903,0.6610250379462712,0.4047619047619047,0.0683229813664596,0.4150943396226415,0.6526315789473685,0.5849056603773585,0.7380952380952381,42.0,1.6111111111111112,1.8333333333333333,18.0,0.3558296194163647,0.6510837852051488,0.5442663157843224,0.7304441307280302,0.5125,0.7663629283489097,0.2429761156505342,0.5794736842105265,,,,,,,,,92,90
M4_2023,48h,2023,c330caca3da1421a,M4,seq2seq_base,expanding,0.1044200514973722,0.4667079197209265,0.4838709677419355,0.1419141914191419,0.4574468085106383,0.6538461538461539,0.5425531914893617,0.8225806451612904,62.0,0.64,1.2,25.0,-0.3174380565632151,0.3536433364777614,0.274583120550384,0.5791234625305723,0.5624662769784172,0.7417502365184484,0.3529139433551198,0.6001408450704225,,,,,,,,,92,90
M5_loyo_2014,48h,2014,f131774b9b7e469c,M5,seq2seq_rf,loyo,0.3259545081982389,0.4035345297835675,0.56,0.1150442477876106,0.609375,0.5617977528089888,0.390625,1.0,25.0,0.1538461538461538,0.4615384615384615,13.0,-0.2270488761905175,0.5562366939979944,0.1482917912401849,0.5352268520448638,0.4241626794258373,0.674803802365425,0.3683014354066986,0.7576839826839827,,,,,,,,,92,90
quantile_regression_loyo_2014,48h,2014,f131774b9b7e469c,quantile_regression,baseline,loyo,0.3653454841746152,0.3733929591902127,0.04,0.0206489675516224,0.6363636363636364,0.2222222222222222,0.3636363636363636,0.16,25.0,1.4615384615384617,1.6153846153846154,13.0,0.293275674247535,0.4521453841632512,0.2835219342313786,0.513936262532817,0.0605614973262032,0.4091200466200465,0.0,0.1481944444444444,,,,,,,,,92,90
gradient_boosting_quantile_loyo_2014,48h,2014,f131774b9b7e469c,gradient_boosting_quantile,baseline,loyo,0.2783821669831927,0.2718423590046808,0.04,0.0088495575221238,0.75,0.0689655172413793,0.25,0.04,25.0,0.8461538461538461,1.1538461538461535,13.0,0.1977032302410429,0.4151789177828101,0.1679165570953655,0.4647765271226208,0.0,0.2163663663663664,0.0,0.1334090909090909,,,,,,,,,92,90
heuristic_ensemble_loyo_2014,48h,2014,f131774b9b7e469c,heuristic_ensemble,baseline,loyo,0.352274628959304,0.3943185159373925,0.6,0.1179941002949852,0.6153846153846154,0.5555555555555556,0.3846153846153846,1.0,25.0,0.3846153846153846,0.5384615384615384,13.0,-0.1128249709837383,0.5409805275391772,0.1547976588002629,0.5056205904516942,0.4049367088607595,0.6750188253012048,0.4,0.8096560846560847,,,,,,,,,92,90
M5_loyo_2015,48h,2015,7ccfe076ecef5f58,M5,seq2seq_rf,loyo,0.3790602350242237,0.3729111159299112,0.525,0.12,0.5652173913043478,0.5504587155963303,0.4347826086956521,0.75,40.0,-0.1428571428571428,1.5714285714285714,14.0,0.0407730519134212,0.5375842688459603,0.1984929076945638,0.476833038591725,0.4096385542168675,0.6533934426229508,0.3611111111111111,0.7105263157894737,,,,,,,,,92,90
quantile_regression_loyo_2015,48h,2015,7ccfe076ecef5f58,quantile_regression,baseline,loyo,0.4917991608494285,0.4872618056507315,0.05,0.0092307692307692,0.25,0.3461538461538462,0.75,0.225,40.0,0.2857142857142857,1.7142857142857142,14.0,0.3848456301774363,0.6171180594971338,0.3548413341526096,0.6144179736271808,0.1303654024051803,0.4802222222222223,0.0,0.1316678520625889,,,,,,,,,92,90
gradient_boosting_quantile_loyo_2015,48h,2015,7ccfe076ecef5f58,gradient_boosting_quantile,baseline,loyo,0.5239381112317163,0.5059122501619158,0.125,0.0123076923076923,0.2,0.5333333333333333,0.8,0.4,40.0,-0.7142857142857143,1.4285714285714286,14.0,0.3838457837037947,0.6848431052911412,0.3613741771291669,0.675149817519738,0.379287045666356,0.6666666666666666,0.0270092460881934,0.2307692307692307,,,,,,,,,92,90
heuristic_ensemble_loyo_2015,48h,2015,7ccfe076ecef5f58,heuristic_ensemble,baseline,loyo,0.4120269805377421,0.3990489861657079,0.5,0.1261538461538461,0.5774647887323944,0.5405405405405407,0.4225352112676056,0.75,40.0,-0.3571428571428571,1.6428571428571428,14.0,0.0714232589731046,0.5624885622337674,0.2249100027295408,0.5056617936182938,0.392492889069484,0.6278804083616919,0.3333333333333333,0.6571616541353383,,,,,,,,,92,90
M5_loyo_2016,48h,2016,1196454ba188b9bb,M5,seq2seq_rf,loyo,0.1257339274027055,0.1674163103850521,0.5,0.0514285714285714,0.5806451612903226,0.5777777777777778,0.4193548387096774,0.9285714285714286,14.0,0.5,0.5,8.0,-0.9856949883589208,0.5412165833369516,-0.286759967585569,0.3947979496821176,0.4102272727272727,0.7307726864330639,0.2305555555555555,0.7694444444444445,,,,,,,,,92,90
quantile_regression_loyo_2016,48h,2016,1196454ba188b9bb,quantile_regression,baseline,loyo,0.3834369030464702,0.4020197911249945,0.1428571428571428,0.0228571428571428,0.6666666666666666,0.3076923076923076,0.3333333333333333,0.2857142857142857,14.0,1.75,1.75,8.0,0.2795059105938501,0.5043055363172279,0.268432060901456,0.5908495711692345,0.0828629032258064,0.5218535469107551,0.0,0.3573051948051948,,,,,,,,,92,90
gradient_boosting_quantile_loyo_2016,48h,2016,1196454ba188b9bb,gradient_boosting_quantile,baseline,loyo,0.2935115140540408,0.182950993750136,0.0,0.0,0.0,0.0,0.0,0.0,14.0,1.5,1.5,8.0,0.2148676111817601,0.4135326700231837,0.0733950638073796,0.3274994588805159,0.0,0.0,0.0,0.0,,,,,,,,,92,90
heuristic_ensemble_loyo_2016,48h,2016,1196454ba188b9bb,heuristic_ensemble,baseline,loyo,0.1957711628504354,0.146229143700035,0.3571428571428571,0.0542857142857142,0.59375,0.5652173913043478,0.40625,0.9285714285714286,14.0,0.75,0.75,8.0,-0.5838003381952611,0.5151573341389615,-0.2211109050155527,0.35742527944919,0.409090909090909,0.6943877551020409,0.1498214285714285,0.6260416666666669,,,,,,,,,92,90
M5_loyo_2017,48h,2017,064bc91dbc2626dd,M5,seq2seq_rf,loyo,0.3987195565188485,0.405098213975463,0.4545454545454545,0.0815709969788519,0.5294117647058824,0.5714285714285714,0.4705882352941176,0.7272727272727273,33.0,0.5384615384615384,1.0,13.0,0.164839521063132,0.5541777320565108,0.2467574896678417,0.5108791881938132,0.4580818965517241,0.6746313102665911,0.302807486631016,0.621706081081081,,,,,,,,,92,90
quantile_regression_loyo_2017,48h,2017,064bc91dbc2626dd,quantile_regression,baseline,loyo,0.534517987710752,0.5553716531358843,0.0606060606060606,0.0211480362537764,0.4375,0.3673469387755101,0.5625,0.2727272727272727,33.0,0.0769230769230769,1.7692307692307692,13.0,0.4522651615831885,0.6123765666020231,0.4705497598674258,0.6511964303415452,0.1950058072009291,0.5425635593220338,0.0,0.1565104166666667,,,,,,,,,92,90
gradient_boosting_quantile_loyo_2017,48h,2017,064bc91dbc2626dd,gradient_boosting_quantile,baseline,loyo,0.6260190525018241,0.5789858566795492,0.0606060606060606,0.0060422960725075,0.1818181818181818,0.4090909090909091,0.8181818181818182,0.2727272727272727,33.0,0.0769230769230769,1.4615384615384617,13.0,0.5579401207743835,0.7000146203499112,0.4996093523907061,0.6731685680985257,0.2424242424242424,0.5716165413533835,0.0,0.131578947368421,,,,,,,,,92,90
heuristic_ensemble_loyo_2017,48h,2017,064bc91dbc2626dd,heuristic_ensemble,baseline,loyo,0.3751140441582616,0.3230148898136186,0.4848484848484848,0.1148036253776435,0.5757575757575758,0.5656565656565657,0.4242424242424242,0.8484848484848485,33.0,0.2307692307692307,1.0,13.0,0.0951610248656431,0.5475036371606509,0.1533224639255238,0.4417446136727466,0.4422390109890109,0.6668141592920355,0.3328571428571428,0.667,,,,,,,,,92,90
M5_loyo_2018,48h,2018,ff4c9380c5a46c33,M5,seq2seq_rf,loyo,-0.2283359985326547,0.1109827852527629,0.5714285714285714,0.0903790087463556,0.6595744680851063,0.4705882352941176,0.3404255319148936,0.7619047619047619,21.0,0.2142857142857142,1.0714285714285714,14.0,-0.8160585597388436,0.1645597033440398,-0.126632604585882,0.2724113202878084,0.3141871921182266,0.5807444168734492,0.3994827586206896,0.7653250773993809,,,,,,,,,92,90
quantile_regression_loyo_2018,48h,2018,ff4c9380c5a46c33,quantile_regression,baseline,loyo,0.3320001511738184,0.3926117449503024,0.0476190476190476,0.0058309037900874,0.5,0.16,0.5,0.0952380952380952,21.0,1.2857142857142858,1.5714285714285714,14.0,0.2252842354568347,0.4212128566390895,0.3052493019513251,0.4964985336833019,0.0,0.3846774193548387,0.0,0.1601666666666667,,,,,,,,,92,90
gradient_boosting_quantile_loyo_2018,48h,2018,ff4c9380c5a46c33,gradient_boosting_quantile,baseline,loyo,0.3577206077733954,0.3653984574007487,0.0,0.0,0.0,0.0909090909090909,1.0,0.0476190476190476,21.0,0.9285714285714286,1.5,14.0,0.2796828433610974,0.4363273976143259,0.2673771745419467,0.4719146238079732,0.0,0.2610144927536232,0.0,0.0,,,,,,,,,92,90
heuristic_ensemble_loyo_2018,48h,2018,ff4c9380c5a46c33,heuristic_ensemble,baseline,loyo,-0.0129751098695212,0.2441764998401719,0.5238095238095238,0.0612244897959183,0.5526315789473685,0.576271186440678,0.4473684210526316,0.8095238095238095,21.0,0.2142857142857142,1.0714285714285714,14.0,-0.4670072935145348,0.3202216583576605,0.0087517748669455,0.3831058614166052,0.418516893374287,0.6947303921568629,0.3328125,0.7142857142857143,,,,,,,,,92,90
M5_loyo_2019,48h,2019,fa1b3f3599382f2d,M5,seq2seq_rf,loyo,0.6777029089069571,0.7258436498836784,0.525,0.083076923076923,0.4285714285714285,0.6990291262135921,0.5714285714285714,0.9,40.0,0.5,1.6428571428571428,14.0,0.5124739440936875,0.7745412778231441,0.6310491977998351,0.7770275084272199,0.5907705099778271,0.7934255138800593,0.3947169059011164,0.6904761904761905,,,,,,,,,92,90
quantile_regression_loyo_2019,48h,2019,fa1b3f3599382f2d,quantile_regression,baseline,loyo,0.4786327943962554,0.4566601152019667,0.025,0.0276923076923076,0.391304347826087,0.4444444444444444,0.6086956521739131,0.35,40.0,0.9285714285714286,1.6428571428571428,14.0,0.3973891418390278,0.5829888590260087,0.3644713522045837,0.6046502273220385,0.2788726842727631,0.562616604477612,0.0,0.0857773109243697,,,,,,,,,92,90
gradient_boosting_quantile_loyo_2019,48h,2019,fa1b3f3599382f2d,gradient_boosting_quantile,baseline,loyo,0.5159197389440564,0.412351070770018,0.05,0.0153846153846153,0.217391304347826,0.5714285714285714,0.782608695652174,0.45,40.0,0.8571428571428571,1.7142857142857142,14.0,0.4550181939844345,0.6093026776855429,0.3341595193931536,0.5351938840525636,0.4081154336734694,0.7164762126865671,0.0,0.125,,,,,,,,,92,90
heuristic_ensemble_loyo_2019,48h,2019,fa1b3f3599382f2d,heuristic_ensemble,baseline,loyo,0.6494006699745998,0.6474328985447583,0.525,0.0953846153846153,0.4626865671641791,0.6728971962616822,0.5373134328358209,0.9,40.0,0.8571428571428571,1.5714285714285714,14.0,0.4612206516669992,0.747480796054702,0.5394747121415194,0.7100786258554405,0.5645305429864254,0.7727487135506004,0.3868788142981691,0.6753869047619049,,,,,,,,,92,90
M5_loyo_2020,48h,2020,ef1a400ea8e976c5,M5,seq2seq_rf,loyo,0.2580308664097719,0.4836761447820327,0.5319148936170213,0.085173501577287,0.4354838709677419,0.6422018348623854,0.5645161290322581,0.7446808510638298,47.0,-0.15,1.45,20.0,0.0249165528570359,0.4515676725793906,0.3415499379369765,0.5933787952397924,0.5375268817204301,0.7224999999999999,0.3828486997635933,0.6666666666666666,,,,,,,,,92,90
quantile_regression_loyo_2020,48h,2020,ef1a400ea8e976c5,quantile_regression,baseline,loyo,0.4785413469173568,0.4688422449183356,0.0425531914893617,0.0126182965299684,0.2857142857142857,0.3278688524590163,0.7142857142857143,0.2127659574468085,47.0,0.75,1.65,20.0,0.4035389496625967,0.5729049049695663,0.3907811241949317,0.5616932957056959,0.1631836734693877,0.4762260127931769,0.0,0.1027173913043478,,,,,,,,,92,90
gradient_boosting_quantile_loyo_2020,48h,2020,ef1a400ea8e976c5,gradient_boosting_quantile,baseline,loyo,0.5866925517032487,0.5331156202938709,0.0851063829787234,0.0063091482649842,0.0909090909090909,0.5797101449275361,0.9090909090909092,0.425531914893617,47.0,0.4,1.5,20.0,0.4968721322957478,0.6833285574735235,0.438843444771252,0.6228686468501383,0.4066101694915254,0.7028982930298721,0.018510101010101,0.1669444444444445,,,,,,,,,92,90
heuristic_ensemble_loyo_2020,48h,2020,ef1a400ea8e976c5,heuristic_ensemble,baseline,loyo,0.2326253987456519,0.376433274374872,0.574468085106383,0.1009463722397476,0.4383561643835616,0.6833333333333333,0.5616438356164384,0.8723404255319149,47.0,0.2,1.2,20.0,-0.0945659446377177,0.4593308582482439,0.1985415673226927,0.503976706395303,0.584846125664041,0.770890231092437,0.4467494089834515,0.7073424796747967,,,,,,,,,92,90
M5_loyo_2021,48h,2021,b14485b2d3bcdbd0,M5,seq2seq_rf,loyo,-0.1832152173619525,0.022868325576382,0.3333333333333333,0.0279329608938547,0.6666666666666666,0.4761904761904761,0.3333333333333333,0.8333333333333334,6.0,0.0,0.4,5.0,-1.5679490901764035,0.3081808117426758,-0.3284275041159953,0.2506204360242456,0.133125,0.7101173020527861,0.0,0.8008333333333336,,,,,,,,,92,90
quantile_regression_loyo_2021,48h,2021,b14485b2d3bcdbd0,quantile_regression,baseline,loyo,0.2667764800894228,0.3323272544165384,0.0,0.0,0.0,0.0,0.0,0.0,6.0,1.8,1.8,5.0,0.1599931503595363,0.3444304521553941,0.2393903000919827,0.5031798102557874,0.0,0.0,0.0,0.0,,,,,,,,,92,90
gradient_boosting_quantile_loyo_2021,48h,2021,b14485b2d3bcdbd0,gradient_boosting_quantile,baseline,loyo,0.3705291023645349,0.3608020054954405,0.0,0.0,0.0,0.0,0.0,0.0,6.0,0.4,0.8,5.0,0.3057212149721807,0.4664455705705939,0.2604410685891233,0.5283025268765941,0.0,0.0,0.0,0.0,,,,,,,,,92,90
heuristic_ensemble_loyo_2021,48h,2021,b14485b2d3bcdbd0,heuristic_ensemble,baseline,loyo,-0.0763181829734156,0.1018434245653333,0.3333333333333333,0.0307262569832402,0.6875,0.4545454545454545,0.3125,0.8333333333333334,6.0,0.4,0.4,5.0,-1.2021154930079925,0.3839302669764783,-0.2292675039429296,0.3333622486351931,0.1246527777777777,0.7104540023894864,0.0,0.8008333333333336,,,,,,,,,92,90
M5_loyo_2022,48h,2022,9e54c2d4a5196428,M5,seq2seq_rf,loyo,0.4071888256663429,0.4674450566711167,0.5,0.0987654320987654,0.5161290322580645,0.5882352941176471,0.4838709677419355,0.75,40.0,1.2777777777777777,1.6111111111111112,18.0,0.1317293911498449,0.5195999632197672,0.240209488387154,0.5777730094882492,0.4418480861244019,0.7025106022052588,0.3180397727272727,0.666875,,,,,,,,,92,90
quantile_regression_loyo_2022,48h,2022,9e54c2d4a5196428,quantile_regression,baseline,loyo,0.3475303877729128,0.3811614587876455,0.125,0.0462962962962962,0.4838709677419355,0.4507042253521127,0.5161290322580645,0.4,40.0,1.4444444444444444,1.6666666666666667,18.0,0.2176508524701813,0.4768707135895721,0.2598403644256153,0.5336704798633083,0.3075757575757576,0.5790804257835601,0.02172756706753,0.2401111111111111,,,,,,,,,92,90
gradient_boosting_quantile_loyo_2022,48h,2022,9e54c2d4a5196428,gradient_boosting_quantile,baseline,loyo,0.4168386419233592,0.3561138083412943,0.05,0.015432098765432,0.1785714285714285,0.676470588235294,0.8214285714285714,0.575,40.0,1.1666666666666667,1.5,18.0,0.3241016618190421,0.5327863221617557,0.2429097412305227,0.5261248903705699,0.5292199488491048,0.7779411764705881,0.0,0.120030303030303,,,,,,,,,92,90
heuristic_ensemble_loyo_2022,48h,2022,9e54c2d4a5196428,heuristic_ensemble,baseline,loyo,0.5018022829521415,0.5398727078798853,0.525,0.095679012345679,0.5,0.607843137254902,0.5,0.775,40.0,1.5,1.5,18.0,0.3159717523256758,0.6098805969695203,0.373524306073271,0.6192271299886953,0.4596160682545325,0.7238594470046082,0.3683451417004048,0.6739402173913044,,,,,,,,,92,90
M5_loyo_2023,48h,2023,3570a6eee9f3893c,M5,seq2seq_rf,loyo,-0.5458667959231802,0.2018838352454877,0.5806451612903226,0.2244224422442244,0.5666666666666667,0.5714285714285715,0.4333333333333333,0.8387096774193549,62.0,0.72,1.36,25.0,-1.299736437386135,-0.106883706150744,-0.0486573928763084,0.3633425000954398,0.4905596929234606,0.6416951023685267,0.4570779220779221,0.7031698258196721,,,,,,,,,92,90
quantile_regression_loyo_2023,48h,2023,3570a6eee9f3893c,quantile_regression,baseline,loyo,0.3590356410110737,0.4140463023075438,0.0806451612903225,0.0231023102310231,0.3043478260869565,0.3764705882352941,0.6956521739130435,0.2580645161290322,62.0,0.72,1.6,25.0,0.2672155569083504,0.4569931422981843,0.3076162658803726,0.5212941998495487,0.2322997416020671,0.4875,0.0192129629629629,0.1515408320493066,,,,,,,,,92,90
gradient_boosting_quantile_loyo_2023,48h,2023,3570a6eee9f3893c,gradient_boosting_quantile,baseline,loyo,0.4013747049271231,0.4315627878524967,0.0483870967741935,0.0396039603960396,0.4137931034482758,0.3736263736263736,0.5862068965517241,0.2741935483870967,62.0,0.64,1.28,25.0,0.3012036107885689,0.505066857180235,0.3205682288534207,0.5354390840623313,0.2629892037786774,0.4843274853801169,0.0,0.1111904761904762,,,,,,,,,92,90
heuristic_ensemble_loyo_2023,48h,2023,3570a6eee9f3893c,heuristic_ensemble,baseline,loyo,-0.4252526649390102,0.2106114950864337,0.5806451612903226,0.2178217821782178,0.5546218487394958,0.5856353591160222,0.4453781512605042,0.8548387096774194,62.0,0.68,1.32,25.0,-1.134032792502166,-0.0268970947721221,-0.0400581774855611,0.3516981621611793,0.5127388535031847,0.6536861207897793,0.4514712292938099,0.6866176470588237,,,,,,,,,92,90
M1_loyo_2014,48h,2014,aa12b27208323fa4,M1,seq2seq_base,loyo,0.1704323311696012,0.1625387403126132,0.0,0.0029498525073746,0.3333333333333333,0.1428571428571428,0.6666666666666666,0.08,25.0,0.9230769230769232,1.8461538461538465,13.0,0.0444340691327303,0.3402059181019634,0.0193087269142699,0.3588638204587693,0.0,0.3226242371403662,0.0,0.0,,,,,,,,,92,90
M1_loyo_2015,48h,2015,910da5b73dd0fba0,M1,seq2seq_base,loyo,0.4904754160814293,0.4679328887869038,0.05,0.003076923076923,0.0555555555555555,0.5862068965517241,0.9444444444444444,0.425,40.0,-0.4285714285714285,2.0,14.0,0.3401531295616793,0.6648697694312918,0.3111223679326583,0.6333055299073608,0.4,0.703968253968254,0.0,0.1282608695652174,,,,,,,,,92,90
M1_loyo_2016,48h,2016,44540cf493159041,M1,seq2seq_base,loyo,0.1131168882566857,-0.0534834641700616,0.0,0.0,0.0,0.0,0.0,0.0,14.0,1.125,1.375,8.0,0.0464450881995202,0.2482852787870644,-0.1600426780467952,0.1182849459056139,0.0,0.0,0.0,0.0,,,,,,,,,92,90
M1_loyo_2017,48h,2017,0a38eefe0325d78f,M1,seq2seq_base,loyo,0.6296494910642116,0.5709546207302122,0.1818181818181818,0.0120845921450151,0.2666666666666666,0.4583333333333332,0.7333333333333333,0.3333333333333333,33.0,-0.3076923076923077,1.3846153846153846,13.0,0.5433433286683084,0.7228500463589457,0.4831863845640055,0.6699055398273388,0.2799444444444444,0.6400714285714286,0.0624080882352941,0.3333333333333333,,,,,,,,,92,90
M1_loyo_2018,48h,2018,5b34ce1c7c5495d7,M1,seq2seq_base,loyo,0.2679329257967638,0.2399516893989881,0.0,0.0,0.0,0.0909090909090909,1.0,0.0476190476190476,21.0,1.0714285714285714,1.6428571428571428,14.0,0.1639771299186526,0.3588924823379391,0.1392551597779641,0.3429732659835501,0.0,0.2610144927536232,0.0,0.0,,,,,,,,,92,90
M1_loyo_2019,48h,2019,d72d498448347135,M1,seq2seq_base,loyo,0.6701351377315419,0.5729028524668096,0.175,0.0153846153846153,0.1724137931034483,0.6956521739130435,0.8275862068965517,0.6,40.0,0.5,1.6428571428571428,14.0,0.5938057391321667,0.754586243336893,0.5011057636132841,0.6687776276899895,0.5396825396825398,0.8110224682513839,0.083125,0.3045169082125604,,,,,,,,,92,90
M1_loyo_2020,48h,2020,4c3f3b6c97655874,M1,seq2seq_base,loyo,0.4979748047694748,0.4096882534159464,0.0638297872340425,0.0,0.0,0.5079365079365079,1.0,0.3404255319148936,47.0,0.25,1.65,20.0,0.3767747766842206,0.6182750803805871,0.3069771778997487,0.5097481756414459,0.3331967213114754,0.6390456989247312,0.0,0.1400714285714286,,,,,,,,,92,90
M1_loyo_2021,48h,2021,9cd03fdd7abe9b2f,M1,seq2seq_base,loyo,0.3226757604502711,0.4868828289187729,0.0,0.0167597765363128,0.6666666666666666,0.4,0.3333333333333333,0.5,6.0,0.2,0.6,5.0,-0.0170259948580544,0.5041209006671805,0.3547884411393043,0.6117970629837673,0.0,0.7058823529411764,0.0,0.0,,,,,,,,,92,90
M1_loyo_2022,48h,2022,1a1cd1cdeb215adc,M1,seq2seq_base,loyo,0.523239453968588,0.5101330698455673,0.225,0.0123456790123456,0.16,0.6461538461538462,0.84,0.525,40.0,1.5555555555555556,1.8888888888888888,18.0,0.3786291354086914,0.669551037772314,0.3466438117001927,0.6828925557595572,0.5000000000000001,0.7663737280296024,0.1050354251012145,0.3660823170731708,,,,,,,,,92,90
M1_loyo_2023,48h,2023,d17b8150e0226861,M1,seq2seq_base,loyo,0.284851685890126,0.5181598107056172,0.2903225806451613,0.0396039603960396,0.2857142857142857,0.5769230769230769,0.7142857142857143,0.4838709677419355,62.0,0.6,1.64,25.0,0.0849768179588216,0.4711255180294268,0.374585811435707,0.6398728636590236,0.4659073935772964,0.6666666666666666,0.1832954545454545,0.3942604006163329,,,,,,,,,92,90
M2_loyo_2014,48h,2014,b94525c6785028af,M2,seq2seq_base,loyo,0.5449562097073191,0.6726723568996006,0.24,0.0501474926253687,0.4722222222222222,0.6229508196721312,0.5277777777777778,0.76,25.0,0.5384615384615384,0.5384615384615384,13.0,0.3647577619782975,0.6738207920588489,0.5989488042132443,0.7359209368404965,0.4545025728987993,0.7387500000000001,0.0799230769230769,0.4232142857142857,,,,,,,,,92,90
M2_loyo_2015,48h,2015,b2b65bf62fa2f4b9,M2,seq2seq_base,loyo,0.5784373262536094,0.6960393992805198,0.2,0.0369230769230769,0.3333333333333333,0.631578947368421,0.6666666666666666,0.6,40.0,0.1428571428571428,1.5714285714285714,14.0,0.4539168041868605,0.7217234359014622,0.5627661012477526,0.8203597711831337,0.4811111111111111,0.7442560941440179,0.0808397683397683,0.3196808510638299,,,,,,,,,92,90
M2_loyo_2016,48h,2016,38c40d29d6b6ceb5,M2,seq2seq_base,loyo,0.4334195376834427,0.5424130756467966,0.0,0.0228571428571428,0.5714285714285714,0.4285714285714285,0.4285714285714285,0.4285714285714285,14.0,0.75,0.75,8.0,0.1374953323694832,0.6006824076600771,0.4085929566858013,0.6705947639945462,0.1662037037037037,0.6317894736842106,0.0,0.0,,,,,,,,,92,90
M2_loyo_2017,48h,2017,84c59b46c8a6897d,M2,seq2seq_base,loyo,0.6637168488481278,0.809016305540117,0.3636363636363636,0.0483383685800604,0.4102564102564102,0.638888888888889,0.5897435897435898,0.696969696969697,33.0,0.6923076923076923,1.0,13.0,0.5409521449366027,0.7639674899643534,0.7164701339106874,0.856244165837628,0.5260150375939849,0.750138888888889,0.2119905956112852,0.56,,,,,,,,,92,90
M2_loyo_2018,48h,2018,41a311454c0ae772,M2,seq2seq_base,loyo,0.4274277693660225,0.6398218974766097,0.3333333333333333,0.0204081632653061,0.35,0.6341463414634146,0.65,0.6190476190476191,21.0,0.5714285714285714,1.0,14.0,0.2172209247577743,0.581528303533213,0.5471762028701462,0.6951129268345657,0.4544721407624634,0.7778985507246378,0.1425465838509316,0.5458806818181818,,,,,,,,,92,90
M2_loyo_2019,48h,2019,1f9e75894f6bd7fb,M2,seq2seq_base,loyo,0.7173075030734295,0.7627493547457405,0.525,0.0584615384615384,0.3454545454545454,0.7578947368421052,0.6545454545454545,0.9,40.0,0.9285714285714286,1.5,14.0,0.5877095590587699,0.791301143377757,0.6842248428578585,0.8088175378102622,0.6593344155844155,0.8421052631578947,0.3998837209302325,0.6858333333333334,,,,,,,,,92,90
M2_loyo_2020,48h,2020,82de3a13fd6cd1b2,M2,seq2seq_base,loyo,0.595084866550822,0.6984155437877089,0.4893617021276595,0.0378548895899053,0.2448979591836734,0.7708333333333333,0.7551020408163265,0.7872340425531915,47.0,0.2,1.4,20.0,0.489071757017704,0.6985246275426299,0.630210815256516,0.755915916073937,0.6666666666666666,0.8510743627554244,0.3632411067193676,0.61368006993007,,,,,,,,,92,90
M2_loyo_2021,48h,2021,06379c9401119617,M2,seq2seq_base,loyo,0.3676768673163411,0.5827066718151521,0.1666666666666666,0.0167597765363128,0.6,0.5,0.4,0.6666666666666666,6.0,0.4,0.4,5.0,-0.244956340325801,0.6362894318515697,0.3499341183747481,0.6981861083105966,0.1654411764705882,0.7830434782608696,0.0,0.5,,,,,,,,,92,90
M2_loyo_2022,48h,2022,7360205961494a5b,M2,seq2seq_base,loyo,0.5767333685821238,0.6785275304627051,0.525,0.0432098765432098,0.3333333333333333,0.6829268292682926,0.6666666666666666,0.7,40.0,1.2222222222222223,1.3333333333333333,18.0,0.4240646941792321,0.6798946353214772,0.5633856069359321,0.7553544578457877,0.5516991504247876,0.7907104523383592,0.3680340557275541,0.6809866499791406,,,,,,,,,92,90
M2_loyo_2023,48h,2023,4730ff8ea7b261ea,M2,seq2seq_base,loyo,0.2523939434487323,0.5610283095723708,0.4354838709677419,0.1188118811881188,0.4444444444444444,0.6293706293706294,0.5555555555555556,0.7258064516129032,62.0,0.56,1.2,25.0,-0.0110921776760245,0.428551888353973,0.4372750719692663,0.6424597040157916,0.539127351218008,0.7125205479452055,0.3224871435250117,0.5458333333333334,,,,,,,,,92,90
M3_loyo_2014,48h,2014,55615216bcc9b7ca,M3,seq2seq_base,loyo,0.2084588806697737,0.198055809591649,0.08,0.0029498525073746,0.3333333333333333,0.1428571428571428,0.6666666666666666,0.08,25.0,0.9230769230769232,1.3846153846153846,13.0,0.0885323293669268,0.3620889475427994,0.0703705947527774,0.3814422962862414,0.0,0.2943404634581106,0.0,0.1818181818181818,,,,,,,,,92,90
M3_loyo_2015,48h,2015,3c55a28568a9ce94,M3,seq2seq_base,loyo,0.6078064003909376,0.6125107065667872,0.2,0.0184615384615384,0.24,0.5846153846153846,0.76,0.475,40.0,-1.0,1.7142857142857142,14.0,0.4525853924499777,0.7491609776513397,0.4786098968476291,0.7549582611435212,0.4137931034482758,0.7002215189873419,0.0951298701298701,0.3144642857142857,,,,,,,,,92,90
M3_loyo_2016,48h,2016,5f95b56d599d6e34,M3,seq2seq_base,loyo,0.130051853694081,-0.0085189888894261,0.0,0.0,0.0,0.0,0.0,0.0,14.0,1.25,1.5,8.0,0.0711129895186748,0.2327544757978475,-0.1085434976163403,0.1449849213571889,0.0,0.0,0.0,0.0,,,,,,,,,92,90
M3_loyo_2017,48h,2017,ceda758ba263d9d9,M3,seq2seq_base,loyo,0.5263710742533398,0.6720531821325544,0.2727272727272727,0.0151057401812688,0.217391304347826,0.6428571428571429,0.782608695652174,0.5454545454545454,33.0,-0.2307692307692307,1.3076923076923077,13.0,0.3316791339816159,0.683762152435139,0.5671226453384913,0.7564531932612479,0.484185606060606,0.7647549019607844,0.124905303030303,0.4054265202702703,,,,,,,,,92,90
M3_loyo_2018,48h,2018,f2d07a984bf55f6b,M3,seq2seq_base,loyo,0.2035453424364772,0.2296036843011145,0.0,0.0,0.0,0.0909090909090909,1.0,0.0476190476190476,21.0,1.6428571428571428,1.9285714285714288,14.0,0.1107930451198959,0.3132566293255547,0.1102261579168482,0.3496268064605092,0.0,0.2610144927536232,0.0,0.0,,,,,,,,,92,90
M3_loyo_2019,48h,2019,f17d34d485692db0,M3,seq2seq_base,loyo,0.5589877184682739,0.4483871848920571,0.05,0.0092307692307692,0.1363636363636363,0.6129032258064516,0.8636363636363636,0.475,40.0,-0.1428571428571428,1.5714285714285714,14.0,0.4661883092510081,0.6327183254513532,0.3789821682123514,0.5496791220860721,0.4726737967914438,0.732546045503792,0.0,0.1251008064516129,,,,,,,,,92,90
M3_loyo_2020,48h,2020,d63879be613d97ce,M3,seq2seq_base,loyo,0.5410509100596476,0.4671639477081523,0.0425531914893617,0.0,0.0,0.5757575757575757,1.0,0.4042553191489361,47.0,0.5,1.5,20.0,0.4250211008113991,0.6568327168670844,0.3666700795752571,0.5719867147365674,0.4209740769835036,0.687553879310345,0.0,0.1111742424242424,,,,,,,,,92,90
M3_loyo_2021,48h,2021,b04d7fcb3314566b,M3,seq2seq_base,loyo,0.0870008054911607,0.0837120974644983,0.0,0.0,0.0,0.0,0.0,0.0,6.0,1.0,1.4,5.0,0.006545197286006,0.1707387150880001,-0.0342010855066925,0.2577100526550807,0.0,0.0,0.0,0.0,,,,,,,,,92,90
M3_loyo_2022,48h,2022,1813a0de056910aa,M3,seq2seq_base,loyo,0.488346966084902,0.4812244295686769,0.225,0.0216049382716049,0.25,0.6176470588235295,0.75,0.525,40.0,0.8888888888888888,1.6666666666666667,18.0,0.3446527998799687,0.6310018727977179,0.3189093580629648,0.6467905543427277,0.4589993169398907,0.7398043052837574,0.1174836601307189,0.3786411411411412,,,,,,,,,92,90
M3_loyo_2023,48h,2023,ffd0ce596524ee52,M3,seq2seq_base,loyo,0.3784603824887854,0.5817116985194115,0.2096774193548387,0.0462046204620462,0.3255813953488372,0.5523809523809524,0.6744186046511628,0.4677419354838709,62.0,0.2,1.32,25.0,0.2202797921773475,0.5256132602829513,0.4411254048098914,0.6896181992060648,0.4373579545454545,0.6418479635719706,0.1185351089588377,0.2979255319148936,,,,,,,,,92,90
M4_loyo_2014,48h,2014,f131774b9b7e469c,M4,seq2seq_base,loyo,0.5577217213303818,0.662496566068989,0.36,0.0530973451327433,0.4736842105263157,0.6349206349206348,0.5263157894736842,0.8,25.0,0.5384615384615384,0.5384615384615384,13.0,0.3830961574687618,0.6633002879463892,0.5931904423090671,0.7175778885005392,0.4614754098360655,0.7734029850746269,0.1874421296296296,0.5387500000000001,,,,,,,,,92,90
M4_loyo_2015,48h,2015,7ccfe076ecef5f58,M4,seq2seq_base,loyo,0.5755302571064118,0.6032535416813306,0.325,0.0523076923076923,0.4047619047619047,0.6097560975609756,0.5952380952380952,0.625,40.0,-0.2142857142857142,1.6428571428571428,14.0,0.3744109215662299,0.6927117480586189,0.490286914137805,0.6817222032509745,0.4332692307692307,0.7217718392095217,0.2091979725700656,0.4572007722007722,,,,,,,,,92,90
M4_loyo_2016,48h,2016,1196454ba188b9bb,M4,seq2seq_base,loyo,0.3590023374452574,0.5762141096662395,0.2857142857142857,0.0371428571428571,0.6190476190476191,0.4571428571428571,0.3809523809523809,0.5714285714285714,14.0,1.625,1.625,8.0,0.0158323352916448,0.5358906390687371,0.3847648445646956,0.6635254501772537,0.2395555555555555,0.6670731707317074,0.0711134453781512,0.5627232142857144,,,,,,,,,92,90
M4_loyo_2017,48h,2017,064bc91dbc2626dd,M4,seq2seq_base,loyo,0.5773179602373243,0.697441402129338,0.3939393939393939,0.0604229607250755,0.4545454545454545,0.6233766233766234,0.5454545454545454,0.7272727272727273,33.0,0.4615384615384615,1.2307692307692308,13.0,0.3748606967039719,0.7036238352737249,0.558260638677283,0.7728489975545183,0.5061708860759494,0.7356624319419238,0.2588383838383838,0.5601891891891893,,,,,,,,,92,90
M4_loyo_2018,48h,2018,ff4c9380c5a46c33,M4,seq2seq_base,loyo,0.4090130356654597,0.6615990974436097,0.238095238095238,0.0233236151603498,0.4210526315789473,0.5500000000000002,0.5789473684210527,0.5238095238095238,21.0,0.7142857142857143,1.1428571428571428,14.0,0.1175213621671434,0.6168721919920968,0.5399456012130198,0.7294250208966682,0.3333333333333333,0.7145136778115502,0.0663888888888889,0.4220647773279354,,,,,,,,,92,90
M4_loyo_2019,48h,2019,fa1b3f3599382f2d,M4,seq2seq_base,loyo,0.7124155818345964,0.7658734529435368,0.425,0.0276923076923076,0.225,0.775,0.775,0.775,40.0,0.9285714285714286,1.5,14.0,0.6014095086615867,0.793661673036004,0.6886795294882293,0.8324712250114513,0.65751380085872,0.8660166438951683,0.3142410714285714,0.6001041666666667,,,,,,,,,92,90
M4_loyo_2020,48h,2020,ef1a400ea8e976c5,M4,seq2seq_base,loyo,0.5091030488685484,0.6240788173429859,0.4893617021276595,0.0662460567823343,0.328125,0.7747747747747749,0.671875,0.9148936170212766,47.0,-0.1,1.1,20.0,0.3353957104037173,0.6537793056250606,0.5049922476518608,0.6933821852806299,0.681794003868472,0.8485690235690236,0.3569099378881987,0.6231469002695419,,,,,,,,,92,90
M4_loyo_2021,48h,2021,b14485b2d3bcdbd0,M4,seq2seq_base,loyo,0.4244203927598609,0.6330714193874608,0.0,0.0223463687150838,0.6153846153846154,0.5263157894736842,0.3846153846153846,0.8333333333333334,6.0,0.4,0.4,5.0,-0.02865470806496,0.6323040777080943,0.4497358488657091,0.7292801047855448,0.1535714285714285,0.7999999999999999,0.0,0.0,,,,,,,,,92,90
M4_loyo_2022,48h,2022,9e54c2d4a5196428,M4,seq2seq_base,loyo,0.4832471889599258,0.5722460137932643,0.275,0.037037037037037,0.3529411764705882,0.5945945945945946,0.6470588235294118,0.55,40.0,0.6666666666666666,1.5555555555555556,18.0,0.3092891069260663,0.645746059819186,0.4046675318818685,0.7135004322135192,0.4406610169491526,0.7162204373047748,0.1535714285714285,0.4250892857142857,,,,,,,,,92,90
M4_loyo_2023,48h,2023,3570a6eee9f3893c,M4,seq2seq_base,loyo,0.0528535690164166,0.4425846424593046,0.5161290322580645,0.1551155115511551,0.4747474747474747,0.6459627329192548,0.5252525252525253,0.8387096774193549,62.0,0.4,1.2,25.0,-0.4117060636260335,0.320185972201494,0.2372000201036017,0.5652740984734755,0.5679086538461539,0.7272727272727273,0.3749107142857142,0.6365562403697997,,,,,,,,,92,90
M2_holdout_final,48h,2025,c4f4dd2486437659,M2,seq2seq_base,holdout_final,0.4818673527089078,0.6712975319442319,0.1428571428571428,0.0403846153846153,0.5833333333333334,0.46875,0.4166666666666667,0.5357142857142857,28.0,0.1666666666666666,0.8333333333333334,18.0,0.2783638834397183,0.6098799379271561,0.5654441734882693,0.7313810543920485,0.3225518433179723,0.6030558482613277,0.0399259259259259,0.2862637362637363,,,,,,,,,92,90
M1_holdout_final,48h,2025,704fa5260ece4b6d,M1,seq2seq_base,holdout_final,0.3919604249363121,0.4043946377182822,0.0357142857142857,0.0019230769230769,0.125,0.3888888888888889,0.875,0.25,28.0,0.8333333333333334,1.1666666666666667,18.0,0.2755445155980476,0.4927460437985196,0.3072908966615633,0.5049208279359897,0.1203557312252964,0.6062937062937064,0.0,0.1367045454545455,,,,,,,,,92,90
quantile_regression_holdout_final_2025,48h,2025,7b144ebf69c8a2b1,quantile_regression,baseline,holdout_final,0.379231007798224,0.4247258423604523,0.0,0.0153846153846153,0.6153846153846154,0.2439024390243902,0.3846153846153846,0.1785714285714285,28.0,1.2222222222222223,1.5555555555555556,18.0,0.2753674397858281,0.4636741421650717,0.3298237753732346,0.5239627426222805,0.0571031746031746,0.4002040816326531,0.0,0.0,,,,,,,,,92,90
gradient_boosting_quantile_holdout_final_2025,48h,2025,7b144ebf69c8a2b1,gradient_boosting_quantile,baseline,holdout_final,0.4243170283355215,0.4263837418935476,0.0,0.0019230769230769,0.1428571428571428,0.3428571428571428,0.8571428571428571,0.2142857142857142,28.0,0.4444444444444444,1.3333333333333333,18.0,0.3425556476503792,0.4931253191462086,0.3517004275138016,0.523697844361677,0.124905303030303,0.5386363636363638,0.0,0.0,,,,,,,,,92,90
heuristic_ensemble_holdout_final_2025,48h,2025,7b144ebf69c8a2b1,heuristic_ensemble,baseline,holdout_final,0.1276288297567427,0.3195609238827764,0.4285714285714285,0.1192307692307692,0.7294117647058823,0.4070796460176991,0.2705882352941176,0.8214285714285714,28.0,0.2777777777777778,0.7222222222222222,18.0,-0.2268317090279363,0.348952887117758,0.1675758034294748,0.4219536077903867,0.2795371669004208,0.5197881514810648,0.2797567567567567,0.607286866359447,,,,,,,,,92,90
robustness_M2_uniform_2025,48h,2025,,M2_robustness_uniform,seq2seq_base,,,,,,,,,,,,,,,,,,,,,,50.0,0.1,0.0503843091428279,0.4263194799423218,6.685018539428711,0.0,0.0,,92,90
robustness_M2_gaussian_2025,48h,2025,,M2_robustness_gaussian,seq2seq_base,,,,,,,,,,,,,,,,,,,,,,50.0,0.05,0.0482357442378997,0.3741008043289184,6.027385234832764,0.0,0.0019230769230769,,92,90
M5_24h_2017,24h,2017,1f482ed42b679052,M5,seq2seq_rf,expanding,0.5166215371718178,0.5914984384005324,0.2758620689655172,0.0803571428571428,0.574468085106383,0.5263157894736842,0.425531914893617,0.6896551724137931,29.0,0.8461538461538461,1.3076923076923077,13.0,0.3155714588834011,0.6349544337134667,0.4646624583507405,0.6760729814304243,0.3889610389610389,0.6569651741293533,0.124905303030303,0.4348104793756968,,,,,,,,,92,90
quantile_regression_24h_2017,24h,2017,1f482ed42b679052,quantile_regression,baseline,expanding,0.6175093495776053,0.6639653539070346,0.0344827586206896,0.0238095238095238,0.4,0.4897959183673469,0.6,0.4137931034482758,29.0,0.8461538461538461,1.3076923076923077,13.0,0.5145708311133681,0.7054268130697926,0.5707954896466333,0.7399476226923215,0.3106250000000001,0.6428874092009685,0.0,0.1035406403940887,,,,,,,,,92,90
gradient_boosting_quantile_24h_2017,24h,2017,1f482ed42b679052,gradient_boosting_quantile,baseline,expanding,0.6599535965571175,0.6753808634520924,0.0689655172413793,0.0267857142857142,0.4090909090909091,0.5098039215686274,0.5909090909090909,0.4482758620689655,29.0,0.8461538461538461,1.3076923076923077,13.0,0.5572609287064267,0.7252858582832062,0.5864596711418812,0.7509951415444482,0.3331395348837209,0.6779661016949152,0.0,0.1725677339901478,,,,,,,,,92,90
heuristic_ensemble_24h_2017,24h,2017,1f482ed42b679052,heuristic_ensemble,baseline,expanding,0.460512304503598,0.4934365409408286,0.3793103448275862,0.0863095238095238,0.58,0.5316455696202531,0.42,0.7241379310344828,29.0,0.2307692307692307,1.1538461538461535,13.0,0.2012260489334777,0.6006070026527307,0.3471790753743758,0.5939045923654931,0.3847643739515022,0.643233082706767,0.1873579545454545,0.5659307065217393,,,,,,,,,92,90
M5_24h_2018,24h,2018,cbab833b34c59928,M5,seq2seq_rf,expanding,0.0680581565087053,0.4536281871031493,0.0909090909090909,0.0437317784256559,0.7142857142857143,0.2790697674418604,0.2857142857142857,0.2727272727272727,22.0,0.7333333333333333,1.1333333333333333,15.0,-0.2038901148999131,0.2585880553835865,0.351338574530607,0.546329233115943,0.137816091954023,0.4529677672955975,0.0,0.2272727272727272,,,,,,,,,92,90
quantile_regression_24h_2018,24h,2018,cbab833b34c59928,quantile_regression,baseline,expanding,0.2473219340634604,0.4528290961133095,0.0909090909090909,0.0174927113702623,0.6666666666666666,0.1935483870967742,0.3333333333333333,0.1363636363636363,22.0,1.0,1.0,15.0,0.086984117786748,0.3847249620098831,0.3393508793516862,0.5824626807767136,0.0,0.383404255319149,0.0,0.2272727272727272,,,,,,,,,92,90
gradient_boosting_quantile_24h_2018,24h,2018,cbab833b34c59928,gradient_boosting_quantile,baseline,expanding,0.2899825519721415,0.4018708215055457,0.0454545454545454,0.0116618075801749,0.6666666666666666,0.1428571428571428,0.3333333333333333,0.0909090909090909,22.0,1.0,1.0,15.0,0.1788724865423729,0.404075409540128,0.2863199294953533,0.5541765900575522,0.0,0.3336206896551724,0.0,0.1501973684210526,,,,,,,,,92,90
heuristic_ensemble_24h_2018,24h,2018,cbab833b34c59928,heuristic_ensemble,baseline,expanding,0.0545826692896113,0.4095608758801209,0.2272727272727272,0.0787172011661807,0.6585365853658537,0.4444444444444445,0.3414634146341463,0.6363636363636364,22.0,0.4666666666666667,1.1333333333333333,15.0,-0.3576077033870483,0.3132489262401507,0.2496004051585191,0.5231216090158856,0.2608695652173913,0.6048574643660914,0.0737847222222222,0.4214638157894737,,,,,,,,,92,90
M5_24h_2019,24h,2019,7b647f71ff90d931,M5,seq2seq_rf,expanding,0.614725342360502,0.6777415815209429,0.4186046511627907,0.0835913312693498,0.421875,0.6915887850467289,0.578125,0.8604651162790697,43.0,0.0,1.375,16.0,0.4623930787394473,0.7321762324207769,0.5870996709892632,0.7499099824374367,0.5980711871147345,0.7718622047244095,0.2708192567567567,0.5671341463414635,,,,,,,,,92,90
quantile_regression_24h_2019,24h,2019,7b647f71ff90d931,quantile_regression,baseline,expanding,0.6582999946079638,0.640798067644992,0.0930232558139534,0.0340557275541795,0.3055555555555556,0.6329113924050633,0.6944444444444444,0.5813953488372093,43.0,1.0,1.25,16.0,0.541140071915342,0.7808287272146712,0.5041492972388095,0.7788775596974787,0.5,0.7536714975845411,0.0,0.181877990430622,,,,,,,,,92,90
gradient_boosting_quantile_24h_2019,24h,2019,7b647f71ff90d931,gradient_boosting_quantile,baseline,expanding,0.6091060234215999,0.5191886141284676,0.0697674418604651,0.0154798761609907,0.1666666666666666,0.684931506849315,0.8333333333333334,0.5813953488372093,43.0,0.75,1.375,16.0,0.5334166234316581,0.7012916232288534,0.4155374021980196,0.6520677981281993,0.5752446183953032,0.8001219512195124,0.0,0.1463593974175036,,,,,,,,,92,90
heuristic_ensemble_24h_2019,24h,2019,7b647f71ff90d931,heuristic_ensemble,baseline,expanding,0.6176898388672714,0.6603656376342525,0.4883720930232558,0.0866873065015479,0.4242424242424242,0.6972477064220183,0.5757575757575758,0.8837209302325582,43.0,0.125,1.125,16.0,0.4706789170742853,0.7272672338082117,0.5614962144830365,0.7247382792131354,0.5940430856272441,0.7707455161583603,0.3249831081081081,0.6556409295352325,,,,,,,,,92,90
M5_24h_2020,24h,2020,b4a88c0d56275432,M5,seq2seq_rf,expanding,0.3400456613322162,0.540990839568444,0.4893617021276595,0.0754716981132075,0.3809523809523809,0.7090909090909091,0.6190476190476191,0.8297872340425532,47.0,0.35,1.35,20.0,0.0532623084345291,0.5187595207122112,0.3666287708646026,0.6400656855533505,0.605909090909091,0.8038371675053919,0.3404148936170212,0.6416481687014428,,,,,,,,,92,90
quantile_regression_24h_2020,24h,2020,b4a88c0d56275432,quantile_regression,baseline,expanding,0.5469936049077766,0.6228566467664387,0.1489361702127659,0.0188679245283018,0.24,0.5277777777777778,0.76,0.4042553191489361,47.0,0.5,1.3,20.0,0.4337546842301836,0.6694087782499822,0.5214483463646546,0.7483311505577371,0.3570378151260504,0.6501883561643836,0.0599705882352941,0.25,,,,,,,,,92,90
gradient_boosting_quantile_24h_2020,24h,2020,b4a88c0d56275432,gradient_boosting_quantile,baseline,expanding,0.6283785437371698,0.631626380270258,0.2340425531914893,0.0125786163522012,0.1333333333333333,0.6753246753246753,0.8666666666666667,0.5531914893617021,47.0,0.75,1.45,20.0,0.5069906441394397,0.7433035028689721,0.5279972267729973,0.7572829433105052,0.548010752688172,0.788068181818182,0.1198846153846153,0.3670588235294118,,,,,,,,,92,90
heuristic_ensemble_24h_2020,24h,2020,b4a88c0d56275432,heuristic_ensemble,baseline,expanding,0.3074003336844062,0.4941502129243991,0.5531914893617021,0.0817610062893081,0.3939393939393939,0.7079646017699115,0.6060606060606061,0.851063829787234,47.0,0.2,1.3,20.0,0.0878585981286247,0.5107948249385077,0.3345311432389964,0.5840353705958955,0.6067106483867643,0.7934652234330433,0.4126011122345804,0.7001470588235295,,,,,,,,,92,90
M5_24h_2021,24h,2021,951295e3c016d5fe,M5,seq2seq_rf,expanding,0.1790708968851397,0.368327440573186,0.1666666666666666,0.022284122562674,0.7272727272727273,0.3529411764705882,0.2727272727272727,0.5,6.0,0.8333333333333334,0.8333333333333334,6.0,-0.4363277800834938,0.4249314779066639,0.1646895462474978,0.4858634393616892,0.0,0.6666666666666666,0.0,0.6006250000000001,,,,,,,,,92,90
quantile_regression_24h_2021,24h,2021,951295e3c016d5fe,quantile_regression,baseline,expanding,0.1939631148728848,0.4134407453378786,0.0,0.0139275766016713,1.0,0.0,0.0,0.0,6.0,1.0,1.0,6.0,-0.0670888999926629,0.3275340005562414,0.2900003555565031,0.5315388798912486,0.0,0.0,0.0,0.0,,,,,,,,,92,90
gradient_boosting_quantile_24h_2021,24h,2021,951295e3c016d5fe,gradient_boosting_quantile,baseline,expanding,0.3370222565817552,0.394388184499598,0.0,0.0027855153203342,1.0,0.0,0.0,0.0,6.0,1.0,1.0,6.0,0.267330380832188,0.3920709235871301,0.2975008367879438,0.5613116800374971,0.0,0.0,0.0,0.0,,,,,,,,,92,90
heuristic_ensemble_24h_2021,24h,2021,951295e3c016d5fe,heuristic_ensemble,baseline,expanding,0.0057488554943189,0.2768773215231926,0.1666666666666666,0.0278551532033426,0.7692307692307693,0.3157894736842105,0.2307692307692307,0.5,6.0,0.8333333333333334,0.8333333333333334,6.0,-0.8041585432533223,0.301728052525595,0.0244473746017139,0.4130275591359171,0.0,0.6007894736842107,0.0,0.6006250000000001,,,,,,,,,92,90
M5_24h_2022,24h,2022,5d8f538e094acc6b,M5,seq2seq_rf,expanding,0.4711901527043997,0.6469267710651687,0.5476190476190477,0.0743034055727554,0.4137931034482758,0.68,0.5862068965517241,0.8095238095238095,42.0,0.6666666666666666,1.1111111111111112,18.0,0.1734811729233052,0.6301161033834609,0.4894259945375825,0.7182899904431234,0.5348449612403102,0.7857343499197432,0.3902439024390244,0.7273341523341523,,,,,,,,,92,90
quantile_regression_24h_2022,24h,2022,5d8f538e094acc6b,quantile_regression,baseline,expanding,0.4268306900815418,0.5443411465005636,0.238095238095238,0.0309597523219814,0.303030303030303,0.6133333333333334,0.696969696969697,0.5476190476190477,42.0,0.9444444444444444,1.1666666666666667,18.0,0.2688727715036164,0.5516707915931924,0.4127104363201003,0.6993694536901076,0.4685066598360655,0.7530831643002028,0.1249362244897959,0.3784933870040253,,,,,,,,,92,90
gradient_boosting_quantile_24h_2022,24h,2022,5d8f538e094acc6b,gradient_boosting_quantile,baseline,expanding,0.4692115655601767,0.4113370907235172,0.1904761904761904,0.0247678018575851,0.2285714285714285,0.7012987012987013,0.7714285714285715,0.6428571428571429,42.0,0.6111111111111112,1.0555555555555556,18.0,0.3456908676750541,0.5963798134097216,0.313704739037934,0.5620705477353422,0.5619968220338983,0.8212159709618876,0.0730856494611457,0.3428571428571428,,,,,,,,,92,90
heuristic_ensemble_24h_2022,24h,2022,5d8f538e094acc6b,heuristic_ensemble,baseline,expanding,0.4432102518084664,0.5929388044450488,0.5476190476190477,0.0897832817337461,0.4603174603174603,0.6476190476190475,0.5396825396825397,0.8095238095238095,42.0,0.8333333333333334,1.1666666666666667,18.0,0.1383110713694627,0.5919552316010753,0.4386165842700384,0.6665585663985819,0.5095588235294117,0.7455097706032285,0.3902439024390244,0.7273341523341523,,,,,,,,,92,90
M5_24h_2023,24h,2023,9cac8b8d447c5a71,M5,seq2seq_rf,expanding,-0.108092641124877,0.4192206103144423,0.4603174603174603,0.1551155115511551,0.5164835164835165,0.5714285714285714,0.4835164835164835,0.6984126984126984,63.0,0.6,1.16,25.0,-0.4697329521024903,0.1336115351137668,0.2686498114561276,0.5136705751835225,0.4673826173826174,0.6470588235294118,0.3222084367245658,0.5764166455856312,,,,,,,,,92,90
quantile_regression_24h_2023,24h,2023,9cac8b8d447c5a71,quantile_regression,baseline,expanding,0.3042965341226494,0.4783363731872262,0.1746031746031746,0.0561056105610561,0.4358974358974359,0.4313725490196078,0.5641025641025641,0.3492063492063492,63.0,0.88,1.04,25.0,0.1704097210193204,0.467388176580515,0.3491112046257866,0.6467480405237156,0.3124194587628866,0.5385514018691588,0.0767857142857142,0.2778508771929824,,,,,,,,,92,90
gradient_boosting_quantile_24h_2023,24h,2023,9cac8b8d447c5a71,gradient_boosting_quantile,baseline,expanding,0.3876747080386478,0.4717733074985526,0.2063492063492063,0.0297029702970297,0.2647058823529412,0.5154639175257733,0.7352941176470589,0.3968253968253968,63.0,0.88,1.36,25.0,0.2661047495351517,0.548474585573487,0.3593095468017379,0.632795839268177,0.3819655809984354,0.6286180124223602,0.117563025210084,0.3225930521091811,,,,,,,,,92,90
heuristic_ensemble_24h_2023,24h,2023,9cac8b8d447c5a71,heuristic_ensemble,baseline,expanding,-0.1868735888770618,0.3581931706636225,0.5555555555555556,0.1914191419141914,0.5420560747663551,0.5764705882352941,0.4579439252336448,0.7777777777777778,63.0,0.44,1.08,25.0,-0.6417372996214074,0.0738538834684174,0.1624658688012379,0.4610456887155149,0.4795003813882532,0.6594285714285715,0.4140092165898618,0.6923469387755102,,,,,,,,,92,90
M1_24h_2017,24h,2017,12e8b151e6fd96c5,M1,seq2seq_base,expanding,0.6192850817538579,0.6621830142552596,0.0689655172413793,0.0148809523809523,0.2631578947368421,0.5833333333333334,0.7368421052631579,0.4827586206896552,29.0,1.1538461538461535,1.1538461538461535,13.0,0.446312084884321,0.7118986127075879,0.554928024578052,0.7465421802691721,0.4090677179962894,0.7346938775510204,0.0,0.1670454545454546,,,,,,,,,92,90
M1_24h_2018,24h,2018,6a1222e3a4a8010d,M1,seq2seq_base,expanding,0.2259556505742318,0.3777355947648765,0.0454545454545454,0.0087463556851311,0.6,0.1481481481481481,0.4,0.0909090909090909,22.0,1.0666666666666669,1.0666666666666669,15.0,0.0714748066194506,0.3506611068595056,0.2608447179575727,0.522352514995635,0.0,0.3333333333333333,0.0,0.1501973684210526,,,,,,,,,92,90
M1_24h_2019,24h,2019,ef4dfc5fbfa68f9a,M1,seq2seq_base,expanding,0.7227615691994922,0.7774197836432006,0.3488372093023256,0.0154798761609907,0.1428571428571428,0.7692307692307693,0.8571428571428571,0.6976744186046512,43.0,0.9375,1.1875,16.0,0.6332939506560256,0.8255681182386605,0.6599191049549796,0.8852034196530063,0.6664473684210526,0.8540128410914929,0.2127498388136686,0.4891666666666667,,,,,,,,,92,90
M1_24h_2020,24h,2020,027534c5a7119415,M1,seq2seq_base,expanding,0.6006316309272204,0.7121186991994294,0.3404255319148936,0.0220125786163522,0.1842105263157894,0.7294117647058823,0.8157894736842105,0.6595744680851063,47.0,0.35,1.35,20.0,0.46281118038324,0.7189306959676427,0.5894903547639536,0.8206490114216749,0.6152542372881356,0.824830782047277,0.215613266583229,0.4646978021978023,,,,,,,,,92,90
M1_24h_2021,24h,2021,5fe155b4ce5e11b4,M1,seq2seq_base,expanding,0.2325436565096688,0.3311522013511192,0.0,0.0083565459610027,1.0,0.0,0.0,0.0,6.0,1.0,1.0,6.0,0.148693835036269,0.3043266982271289,0.2025318149866751,0.5348883319252401,0.0,0.0,0.0,0.0,,,,,,,,,92,90
M1_24h_2022,24h,2022,35d90949b22ceb38,M1,seq2seq_base,expanding,0.5422552226264858,0.5406217763757293,0.238095238095238,0.0278637770897832,0.2571428571428571,0.6753246753246753,0.7428571428571429,0.6190476190476191,42.0,0.5555555555555556,1.2222222222222223,18.0,0.3603367017330822,0.685003518222801,0.3689221954276573,0.7079765695899299,0.5332911392405064,0.8001923076923078,0.0998809523809523,0.3618701007838746,,,,,,,,,92,90
M1_24h_2023,24h,2023,6dd07a8c3cb08648,M1,seq2seq_base,expanding,0.3350772866505924,0.5325146590793135,0.2539682539682539,0.033003300330033,0.2439024390243902,0.5961538461538461,0.7560975609756098,0.492063492063492,63.0,0.72,1.12,25.0,0.1913034624327358,0.5204597695098588,0.3928521866243556,0.7179820916201983,0.4719048123807505,0.691646004196071,0.1499734042553191,0.3725636523266022,,,,,,,,,92,90
M2_24h_2017,24h,2017,6543444c15482e31,M2,seq2seq_base,expanding,0.5728938918564248,0.7034317874196048,0.3103448275862069,0.056547619047619,0.4871794871794871,0.5882352941176471,0.5128205128205128,0.6896551724137931,29.0,0.8461538461538461,1.3076923076923077,13.0,0.3497870961637093,0.6896897128567636,0.5772947400660161,0.7771651055163102,0.4406610169491525,0.714500860585198,0.1561316287878787,0.500378787878788,,,,,,,,,92,90
M2_24h_2018,24h,2018,339622a8924282f9,M2,seq2seq_base,expanding,0.070079499847283,0.4677158263430444,0.0909090909090909,0.0408163265306122,0.7777777777777778,0.1999999999999999,0.2222222222222222,0.1818181818181818,22.0,1.1333333333333333,1.1333333333333333,15.0,-0.2425665841337423,0.2482594074498366,0.3649730871326939,0.5658583391240866,0.058781512605042,0.3795836837678722,0.0,0.2272727272727272,,,,,,,,,92,90
M2_24h_2019,24h,2019,9ef814e925670254,M2,seq2seq_base,expanding,0.7138535753552594,0.8266379254977503,0.4883720930232558,0.0278637770897832,0.225,0.7469879518072289,0.775,0.7209302325581395,43.0,0.9375,1.1875,16.0,0.6035224984495319,0.8144170440485758,0.7308321960555264,0.8870886939781922,0.635234549516009,0.8448336571151045,0.3329545454545454,0.6287662337662338,,,,,,,,,92,90
M2_24h_2020,24h,2020,356e132c03cbba35,M2,seq2seq_base,expanding,0.5235078738910793,0.7089510719870769,0.4680851063829787,0.050314465408805,0.32,0.7010309278350516,0.68,0.723404255319149,47.0,0.5,1.2,20.0,0.385400143027896,0.6666442660937723,0.6248289546463368,0.7714538990595987,0.5895348837209302,0.8073579835047724,0.3199787234042553,0.6154411764705883,,,,,,,,,92,90
M2_24h_2021,24h,2021,26512ab3a66252e1,M2,seq2seq_base,expanding,0.0574204343649353,0.3720032740083043,0.0,0.0167130919220055,1.0,0.0,0.0,0.0,6.0,1.0,1.0,6.0,-0.4351082352779485,0.2606268909522903,0.2842683656829342,0.4305889189993879,0.0,0.0,0.0,0.0,,,,,,,,,92,90
M2_24h_2022,24h,2022,30f00da0251c453c,M2,seq2seq_base,expanding,0.4621589119145511,0.661618052355329,0.4285714285714285,0.0526315789473684,0.3541666666666667,0.6888888888888889,0.6458333333333334,0.7380952380952381,42.0,0.8333333333333334,1.1666666666666667,18.0,0.1716769260694437,0.6123818461713689,0.5231335199916635,0.7517631201731372,0.5483137829912024,0.8041425697762132,0.2763475177304965,0.6,,,,,,,,,92,90
M2_24h_2023,24h,2023,b5468b290612585a,M2,seq2seq_base,expanding,0.1901221336315516,0.562133945701341,0.4126984126984127,0.1023102310231023,0.4366197183098591,0.5970149253731343,0.5633802816901409,0.6349206349206349,63.0,0.72,1.04,25.0,-0.0247448310336872,0.3692013803257739,0.4539090636566311,0.6584767521110718,0.469570707070707,0.6875422297297298,0.274005376344086,0.5522789896670495,,,,,,,,,92,90
M3_24h_2017,24h,2017,adc60d45260fe8d8,M3,seq2seq_base,expanding,0.641671066192113,0.7018470467947403,0.1724137931034483,0.0208333333333333,0.3333333333333333,0.56,0.6666666666666666,0.4827586206896552,29.0,0.8461538461538461,1.3076923076923077,13.0,0.5213407557200729,0.7189622612063598,0.5908086763018306,0.7894429124821755,0.374599358974359,0.69585346215781,0.0344540229885057,0.3030632411067194,,,,,,,,,92,90
M3_24h_2018,24h,2018,6a621637b42917ac,M3,seq2seq_base,expanding,0.177292200489346,0.3416713307773157,0.0909090909090909,0.0116618075801749,0.6666666666666666,0.1428571428571428,0.3333333333333333,0.0909090909090909,22.0,1.0,1.0,15.0,0.0251292167345928,0.2990325670603724,0.2170891410349881,0.4900594825282008,0.0,0.3228494623655915,0.0,0.2272727272727272,,,,,,,,,92,90
M3_24h_2019,24h,2019,a7eec430ed29d54c,M3,seq2seq_base,expanding,0.6685374753782721,0.6145072419333876,0.1162790697674418,0.0154798761609907,0.1515151515151515,0.736842105263158,0.8484848484848485,0.6511627906976745,43.0,0.5625,1.1875,16.0,0.5692981541925013,0.7902757377848918,0.5002116899833373,0.7290021851349835,0.6268190298507463,0.8395412457912459,0.0285515873015873,0.2272727272727272,,,,,,,,,92,90
M3_24h_2020,24h,2020,8a8c7cb31fdcac34,M3,seq2seq_base,expanding,0.5821524796055629,0.6605627328762442,0.2553191489361702,0.0220125786163522,0.2058823529411764,0.6666666666666666,0.7941176470588235,0.574468085106383,47.0,0.45,1.35,20.0,0.4480515812487072,0.6981594676933317,0.5452128585120991,0.777865732647285,0.5228787878787879,0.7751371951219512,0.155440251572327,0.3653963414634146,,,,,,,,,92,90
M3_24h_2021,24h,2021,fa94f8ff54d43b24,M3,seq2seq_base,expanding,0.2405945858496548,0.3176974677142128,0.0,0.0083565459610027,1.0,0.0,0.0,0.0,6.0,1.0,1.0,6.0,0.178553649970045,0.3212704736923926,0.1896005098913381,0.541622964154542,0.0,0.0,0.0,0.0,,,,,,,,,92,90
M3_24h_2022,24h,2022,6a1bd2ddc4f3b952,M3,seq2seq_base,expanding,0.5225524261015073,0.4974651805920739,0.2142857142857142,0.0185758513931888,0.2,0.6666666666666666,0.8,0.5714285714285714,42.0,0.5555555555555556,1.2222222222222223,18.0,0.3431333346584898,0.6613352185758442,0.3365389752334209,0.6597579760133305,0.5244754098360656,0.7674865831842576,0.0867826086956521,0.3335227272727273,,,,,,,,,92,90
M3_24h_2023,24h,2023,1ead9c7e84a1bc66,M3,seq2seq_base,expanding,0.3118301529656032,0.5510149817514076,0.3015873015873015,0.0297029702970297,0.2195121951219512,0.6153846153846154,0.7804878048780488,0.5079365079365079,63.0,0.68,1.08,25.0,0.166031157251797,0.4975083682013341,0.4102027273791557,0.7156441861817934,0.4888617886178862,0.7142857142857143,0.1817809239940387,0.4195191158900836,,,,,,,,,92,90
M4_24h_2017,24h,2017,1f482ed42b679052,M4,seq2seq_base,expanding,0.6035609552577607,0.7677417747621423,0.2413793103448276,0.0535714285714285,0.4864864864864865,0.5757575757575758,0.5135135135135135,0.6551724137931034,29.0,0.8461538461538461,1.3076923076923077,13.0,0.4296914870918252,0.7069933859056347,0.6630460545384178,0.8132828911068898,0.433155737704918,0.6988095238095239,0.0909090909090909,0.3922360248447207,,,,,,,,,92,90
M4_24h_2018,24h,2018,cbab833b34c59928,M4,seq2seq_base,expanding,0.1313578313028613,0.4543549145983239,0.0909090909090909,0.032069970845481,0.7333333333333333,0.2162162162162162,0.2666666666666666,0.1818181818181818,22.0,1.0,1.0,15.0,-0.1269321037850776,0.2833206148455606,0.3308856048297701,0.5652936643069557,0.0666666666666666,0.3904878048780488,0.0,0.2272727272727272,,,,,,,,,92,90
M4_24h_2019,24h,2019,7b647f71ff90d931,M4,seq2seq_base,expanding,0.6149568682081641,0.6736314433560371,0.3953488372093023,0.0309597523219814,0.2564102564102564,0.7073170731707318,0.7435897435897436,0.6744186046511628,43.0,0.3125,1.1875,16.0,0.5112697257067215,0.7196695972661479,0.5520430251789945,0.798426889277915,0.5951719576719577,0.8049808166620992,0.2498820754716981,0.5532894736842108,,,,,,,,,92,90
M4_24h_2020,24h,2020,b4a88c0d56275432,M4,seq2seq_base,expanding,0.498061156544102,0.7014487759387069,0.4680851063829787,0.050314465408805,0.32,0.7010309278350516,0.68,0.723404255319149,47.0,0.5,1.2,20.0,0.3414723215099162,0.6410521455314042,0.6084552139616448,0.7684141340706465,0.5880863737900224,0.803753555465258,0.3199787234042553,0.6154411764705883,,,,,,,,,92,90
M4_24h_2021,24h,2021,951295e3c016d5fe,M4,seq2seq_base,expanding,0.0956811575177474,0.3835163641546821,0.0,0.0139275766016713,1.0,0.0,0.0,0.0,6.0,1.0,1.0,6.0,-0.3229832574100353,0.2710749221711948,0.2850832445618033,0.4490357287141499,0.0,0.0,0.0,0.0,,,,,,,,,92,90
M4_24h_2022,24h,2022,5d8f538e094acc6b,M4,seq2seq_base,expanding,0.461100501781118,0.6635808780430894,0.3571428571428571,0.0433436532507739,0.3111111111111111,0.7126436781609196,0.6888888888888889,0.7380952380952381,42.0,0.8333333333333334,1.1666666666666667,18.0,0.1742032324536115,0.6037934885515124,0.5175309781695815,0.7621207265124348,0.5803182214472538,0.8251067073170733,0.2091979725700656,0.5349262620533182,,,,,,,,,92,90
M4_24h_2023,24h,2023,9cac8b8d447c5a71,M4,seq2seq_base,expanding,0.1119490521233387,0.5368017038466976,0.3809523809523809,0.1056105610561056,0.4507042253521127,0.582089552238806,0.5492957746478874,0.6190476190476191,63.0,0.4,1.04,25.0,-0.2018343779779633,0.3618247895325306,0.3938749856695944,0.6480988211817126,0.4696815982519119,0.6772115291144163,0.257063492063492,0.5074684270952928,,,,,,,,,92,90
robustness_M2_uniform_2025_24h,24h,2025,,M2_robustness_uniform,seq2seq_base,,,,,,,,,,,,,,,,,,,,,,50.0,0.1,0.0258233919739723,0.2010332345962524,4.602015495300293,0.0,0.0,,92,90
robustness_M2_gaussian_2025_24h,24h,2025,,M2_robustness_gaussian,seq2seq_base,,,,,,,,,,,,,,,,,,,,,,50.0,0.05,0.0244082603603601,0.1724781543016433,3.796957015991211,0.0,0.0,,92,90
M5_72h_2017,72h,2017,c5082683c4a3f180,M5,seq2seq_rf,expanding,0.1349068270830435,0.1069445885335532,0.25,0.1253731343283582,0.6774193548387096,0.4444444444444444,0.3225806451612903,0.7142857142857143,28.0,0.5833333333333334,1.4166666666666667,12.0,-0.2354413385368029,0.3539261534025951,-0.1341592396781429,0.2524634567326005,0.3186820652173913,0.5612369337979095,0.0907196969696969,0.407936507936508,,,,,,,,,92,90
quantile_regression_72h_2017,72h,2017,c5082683c4a3f180,quantile_regression,baseline,expanding,0.4905005704301816,0.5873178242351926,0.0357142857142857,0.026865671641791,0.5294117647058824,0.3555555555555555,0.4705882352941176,0.2857142857142857,28.0,0.3333333333333333,1.1666666666666667,12.0,0.4065273629629451,0.5808943200494624,0.5014024736416814,0.6782857278821184,0.1777450980392157,0.5242559523809525,0.0,0.1290673211781206,,,,,,,,,92,90
gradient_boosting_quantile_72h_2017,72h,2017,c5082683c4a3f180,gradient_boosting_quantile,baseline,expanding,0.5600623369516996,0.5458550410163601,0.0357142857142857,0.0238805970149253,0.5714285714285714,0.2857142857142857,0.4285714285714285,0.2142857142857142,28.0,-0.0833333333333333,1.75,12.0,0.470366690275168,0.6489891774920675,0.4512558509647876,0.6575031474075442,0.0909090909090909,0.4615384615384615,0.0,0.1538461538461538,,,,,,,,,92,90
heuristic_ensemble_72h_2017,72h,2017,c5082683c4a3f180,heuristic_ensemble,baseline,expanding,0.2409308284400972,0.22605075135481,0.2857142857142857,0.1164179104477611,0.6290322580645161,0.5111111111111112,0.3709677419354839,0.8214285714285714,28.0,0.75,1.5833333333333333,12.0,-0.0898009753997128,0.434432290049689,0.0084916321979225,0.3634778651612303,0.3845505617977527,0.622816212438854,0.124875,0.4483592880978865,,,,,,,,,92,90
M5_72h_2018,72h,2018,abdd8c43a4a7dfa5,M5,seq2seq_rf,expanding,-0.600541856165234,0.1194532656160871,0.5909090909090909,0.0967741935483871,0.673469387755102,0.4507042253521126,0.3265306122448979,0.7272727272727273,22.0,0.3333333333333333,1.5333333333333334,15.0,-1.4214877095007878,-0.0012903356971467,-0.1460662563122932,0.3220879352296452,0.2899610678531702,0.5833653846153847,0.3806878306878307,0.7827803203661328,,,,,,,,,92,90
quantile_regression_72h_2018,72h,2018,abdd8c43a4a7dfa5,quantile_regression,baseline,expanding,0.3567412411291999,0.4183364665335366,0.0454545454545454,0.002932551319648,0.1666666666666666,0.3571428571428571,0.8333333333333334,0.2272727272727272,22.0,0.5333333333333333,1.0666666666666669,15.0,0.2283476350809323,0.4673459218355428,0.3270009657208088,0.5349812453127878,0.1376077586206896,0.5714285714285714,0.0,0.142989417989418,,,,,,,,,92,90
gradient_boosting_quantile_72h_2018,72h,2018,abdd8c43a4a7dfa5,gradient_boosting_quantile,baseline,expanding,0.4044360439155507,0.4211470620142199,0.0454545454545454,0.0,0.0,0.24,1.0,0.1363636363636363,22.0,1.1333333333333333,1.5333333333333334,15.0,0.3146047850485133,0.4984226912418368,0.3360985706090555,0.5334247159407586,0.0,0.4517511520737327,0.0,0.142989417989418,,,,,,,,,92,90
heuristic_ensemble_72h_2018,72h,2018,abdd8c43a4a7dfa5,heuristic_ensemble,baseline,expanding,-0.3202523157732131,0.1211724637895264,0.4545454545454545,0.093841642228739,0.6666666666666666,0.4571428571428572,0.3333333333333333,0.7272727272727273,22.0,-0.0666666666666666,1.6666666666666667,15.0,-1.0534742371302164,0.1284990657070222,-0.0983996935686612,0.3092024756116763,0.309370740572467,0.5915957282154465,0.2378246753246753,0.6666666666666666,,,,,,,,,92,90
M5_72h_2019,72h,2019,c6487e2e90121b36,M5,seq2seq_rf,expanding,0.1589405484892795,0.441629342548189,0.3720930232558139,0.1401869158878504,0.5769230769230769,0.5454545454545454,0.4230769230769231,0.7674418604651163,43.0,-0.7333333333333333,1.4,15.0,-0.1102916498721162,0.293954767227741,0.3281022475041577,0.5114637240287832,0.4308141762452107,0.6357674418604652,0.2307692307692307,0.5143073593073593,,,,,,,,,92,90
quantile_regression_72h_2019,72h,2019,c6487e2e90121b36,quantile_regression,baseline,expanding,0.3670052465041509,0.4095492637806034,0.0232558139534883,0.0404984423676012,0.4814814814814814,0.4,0.5185185185185185,0.3255813953488372,43.0,0.2666666666666666,1.6,15.0,0.2914502477415381,0.4746763441214987,0.3077456843503657,0.5454099584000733,0.2251728553137004,0.5435185185185185,0.0,0.0810948703805846,,,,,,,,,92,90
gradient_boosting_quantile_72h_2019,72h,2019,c6487e2e90121b36,gradient_boosting_quantile,baseline,expanding,0.3978385821334889,0.3474241468056904,0.0232558139534883,0.0218068535825545,0.3333333333333333,0.4375,0.6666666666666666,0.3255813953488372,43.0,0.0,1.6,15.0,0.3313476737219543,0.4912342839429495,0.2537703598992153,0.4745069068539894,0.255186170212766,0.5834558823529412,0.0,0.0810948703805846,,,,,,,,,92,90
heuristic_ensemble_72h_2019,72h,2019,c6487e2e90121b36,heuristic_ensemble,baseline,expanding,0.4036696382637501,0.4889464054495237,0.3488372093023256,0.1370716510903426,0.5301204819277109,0.6190476190476191,0.4698795180722891,0.9069767441860463,43.0,-0.0666666666666666,1.2666666666666666,15.0,0.2180304603459567,0.506464504246556,0.3977357043547519,0.5586541049913467,0.5,0.6981817448798582,0.2159390159390159,0.4865194462755439,,,,,,,,,92,90
M5_72h_2020,72h,2020,7e798f33c699364d,M5,seq2seq_rf,expanding,0.2017251070850436,0.3997435842573602,0.5106382978723404,0.0854430379746835,0.4153846153846154,0.6785714285714286,0.5846153846153846,0.8085106382978723,47.0,0.3157894736842105,1.4736842105263157,19.0,-0.161961529459977,0.4114624475744898,0.2058841880975662,0.5110769239277857,0.5846394545114889,0.7603305785123967,0.341260162601626,0.702142035652674,,,,,,,,,92,90
quantile_regression_72h_2020,72h,2020,7e798f33c699364d,quantile_regression,baseline,expanding,0.4434163081669553,0.4571668812740819,0.0212765957446808,0.0253164556962025,0.4210526315789473,0.3333333333333333,0.5789473684210527,0.2340425531914893,47.0,1.0,1.631578947368421,19.0,0.3636273441768399,0.5257407224481967,0.3683179552065569,0.5580443050205652,0.1818181818181818,0.4820223752151463,0.0,0.0697776417788657,,,,,,,,,92,90
gradient_boosting_quantile_72h_2020,72h,2020,7e798f33c699364d,gradient_boosting_quantile,baseline,expanding,0.518750273996132,0.4715225848808322,0.0,0.0063291139240506,0.1176470588235294,0.46875,0.8823529411764706,0.3191489361702128,47.0,0.3157894736842105,1.5789473684210529,19.0,0.4354064091578288,0.6094111156892531,0.3749856528874513,0.5782921322242628,0.2926575203252032,0.6183116883116885,0.0,0.0,,,,,,,,,92,90
heuristic_ensemble_72h_2020,72h,2020,7e798f33c699364d,heuristic_ensemble,baseline,expanding,0.1983844873040808,0.3512517087992591,0.5106382978723404,0.0886075949367088,0.4,0.7179487179487181,0.6,0.8936170212765957,47.0,0.2631578947368421,1.4210526315789471,19.0,-0.1257727622969099,0.3848548690279125,0.1576930346989207,0.4559543055278033,0.6225754716981132,0.7974509803921569,0.358695652173913,0.6668367346938775,,,,,,,,,92,90
M5_72h_2021,72h,2021,a652b6231b22deef,M5,seq2seq_rf,expanding,0.0059869229267144,0.3457838541933038,0.0,0.0391061452513966,0.7777777777777778,0.3478260869565218,0.2222222222222222,0.8,5.0,0.4,0.4,5.0,-1.1711028204952694,0.3642457818364492,-0.0429378137206913,0.4967874505909,0.0,0.5834558823529412,0.0,0.0,,,,,,,,,92,90
quantile_regression_72h_2021,72h,2021,a652b6231b22deef,quantile_regression,baseline,expanding,0.3474680213009791,0.4258625807487276,0.0,0.0083798882681564,1.0,0.0,0.0,0.0,5.0,0.4,0.4,5.0,0.1312949809831338,0.457100129723394,0.3240128009445481,0.5498667005210192,0.0,0.0,0.0,0.0,,,,,,,,,92,90
gradient_boosting_quantile_72h_2021,72h,2021,a652b6231b22deef,gradient_boosting_quantile,baseline,expanding,0.3783710988485044,0.3728556323061187,0.0,0.0027932960893854,1.0,0.0,0.0,0.0,5.0,0.4,0.4,5.0,0.2734716648433963,0.4907946421992515,0.2760169310890335,0.5476918544599859,0.0,0.0,0.0,0.0,,,,,,,,,92,90
heuristic_ensemble_72h_2021,72h,2021,a652b6231b22deef,heuristic_ensemble,baseline,expanding,-0.1954489819726812,0.0001085705398651,0.0,0.0446927374301676,0.8,0.32,0.2,0.8,5.0,0.4,0.4,5.0,-1.7246373392706182,0.2644123297072361,-0.4136112109718283,0.209989123966773,0.0,0.5366322701688555,0.0,0.0,,,,,,,,,92,90
M5_72h_2022,72h,2022,e35a7a25d3e9a763,M5,seq2seq_rf,expanding,0.4428987097254793,0.583851470602043,0.5238095238095238,0.0934579439252336,0.5,0.588235294117647,0.5,0.7142857142857143,42.0,0.8888888888888888,1.5555555555555556,18.0,0.1935164388490153,0.564833984303275,0.4036591457056863,0.6495821424762671,0.4334684893419833,0.6957136997538966,0.3651785714285714,0.659102998065764,,,,,,,,,92,90
quantile_regression_72h_2022,72h,2022,e35a7a25d3e9a763,quantile_regression,baseline,expanding,0.284703735095264,0.3529815963742692,0.119047619047619,0.043613707165109,0.4516129032258064,0.4657534246575342,0.5483870967741935,0.4047619047619047,42.0,1.5555555555555556,1.6666666666666667,18.0,0.1393559887638898,0.4347179895811196,0.1943492384781138,0.5078832482730694,0.3174185463659148,0.6,0.0232426004228329,0.2250892857142857,,,,,,,,,92,90
gradient_boosting_quantile_72h_2022,72h,2022,e35a7a25d3e9a763,gradient_boosting_quantile,baseline,expanding,0.3593750874416956,0.2748869962845337,0.0476190476190476,0.0124610591900311,0.1818181818181818,0.5625,0.8181818181818182,0.4285714285714285,42.0,1.0555555555555556,1.7222222222222223,18.0,0.2808214622045014,0.4700346377450773,0.1657729061134826,0.4210531169166464,0.3921355498721227,0.6772131147540984,0.0,0.1225792444637429,,,,,,,,,92,90
heuristic_ensemble_72h_2022,72h,2022,e35a7a25d3e9a763,heuristic_ensemble,baseline,expanding,0.4200615412002232,0.4937397796116107,0.5476190476190477,0.1090342679127725,0.5303030303030303,0.5740740740740741,0.4696969696969697,0.7380952380952381,42.0,1.5555555555555556,2.0,18.0,0.1369624056162637,0.5631863166521084,0.3133167854799671,0.5933038493330056,0.4184656218402427,0.6846971971971972,0.365340909090909,0.6875,,,,,,,,,92,90
M5_72h_2023,72h,2023,a897ec2c9ba40012,M5,seq2seq_rf,expanding,-0.7128450182653285,0.1149296714672031,0.532258064516129,0.23841059602649,0.6,0.5274725274725275,0.4,0.7741935483870968,62.0,0.72,1.52,25.0,-1.545719950834504,-0.2149594021524063,-0.1340145134657611,0.2965212170662276,0.4090826144658261,0.6054764558372806,0.3997457627118644,0.6517526964560864,,,,,,,,,92,90
quantile_regression_72h_2023,72h,2023,a897ec2c9ba40012,quantile_regression,baseline,expanding,0.3359061311165516,0.4243899886438933,0.064516129032258,0.043046357615894,0.5,0.2954545454545454,0.5,0.2096774193548387,62.0,0.32,1.52,25.0,0.2501337599210259,0.4132632884675542,0.3321381351592289,0.530322081360774,0.1888344594594594,0.3960640822784811,0.0,0.125,,,,,,,,,92,90
gradient_boosting_quantile_72h_2023,72h,2023,a897ec2c9ba40012,gradient_boosting_quantile,baseline,expanding,0.4088012541881614,0.4348392157878632,0.0483870967741935,0.0231788079470198,0.2916666666666667,0.3953488372093023,0.7083333333333334,0.2741935483870967,62.0,0.64,1.28,25.0,0.2944464049952469,0.5123079906573127,0.3287146714393114,0.5502130184961302,0.266547619047619,0.5169195972566759,0.0,0.1077777777777778,,,,,,,,,92,90
heuristic_ensemble_72h_2023,72h,2023,a897ec2c9ba40012,heuristic_ensemble,baseline,expanding,-0.8212140989028842,0.0322060692840842,0.532258064516129,0.2814569536423841,0.6296296296296297,0.5076142131979695,0.3703703703703703,0.8064516129032258,62.0,0.68,1.4,25.0,-1.7469502262912788,-0.296394111113948,-0.2220760853499414,0.214138565342164,0.4186710809978442,0.5719096965210957,0.4134482758620689,0.6462037037037037,,,,,,,,,92,90
M1_72h_2017,72h,2017,b771a260a93c505c,M1,seq2seq_base,expanding,0.3336233126549081,0.3165857858495178,0.1071428571428571,0.008955223880597,0.3333333333333333,0.3243243243243243,0.6666666666666666,0.2142857142857142,28.0,1.8333333333333333,2.6666666666666665,12.0,0.2329368914560871,0.4322833103798762,0.218969574480976,0.4565773764541297,0.111036036036036,0.5007352941176473,0.0,0.2307692307692307,,,,,,,,,92,90
M1_72h_2018,72h,2018,80515309c2b26218,M1,seq2seq_base,expanding,0.217385731298219,0.2633241754338206,0.0,0.002932551319648,0.5,0.0833333333333333,0.5,0.0454545454545454,22.0,1.2,2.1333333333333333,15.0,0.1037616001602818,0.3311801285014219,0.1414290330237726,0.3731489658710349,0.0,0.2502717391304348,0.0,0.0,,,,,,,,,92,90
M1_72h_2019,72h,2019,f347c4efd451016f,M1,seq2seq_base,expanding,0.5108362469106908,0.392947449598752,0.0,0.0,0.0,0.65625,1.0,0.4883720930232558,43.0,0.4666666666666667,1.6666666666666667,15.0,0.4438500822684382,0.5756994752435766,0.3253792862352049,0.4747153921518716,0.5090909090909091,0.7550798258345429,0.0,0.0,,,,,,,,,92,90
M1_72h_2020,72h,2020,82d37cddb017f5b7,M1,seq2seq_base,expanding,0.5358701757441542,0.53350044763475,0.1489361702127659,0.0094936708860759,0.12,0.6111111111111112,0.88,0.4680851063829787,47.0,-0.0526315789473684,1.631578947368421,19.0,0.4133592615228578,0.6401005162508534,0.4240568442565942,0.6481053550581866,0.4636024844720497,0.7342051377513031,0.0486973392461197,0.2559874522640481,,,,,,,,,92,90
M1_72h_2021,72h,2021,5630ce7dfda6ecf6,M1,seq2seq_base,expanding,0.3258881392530651,0.6013172497018509,0.0,0.0307262569832402,0.7333333333333333,0.4,0.2666666666666666,0.8,5.0,0.4,0.4,5.0,-0.3218358775575155,0.5155806807440619,0.4230691575439238,0.6600563126667931,0.0,0.6371212121212124,0.0,0.0,,,,,,,,,92,90
M1_72h_2022,72h,2022,45744c565fe86893,M1,seq2seq_base,expanding,0.4875544306641455,0.4278427127399826,0.1428571428571428,0.0062305295950155,0.0869565217391304,0.6461538461538461,0.9130434782608696,0.5,42.0,1.3333333333333333,2.0,18.0,0.3510746866265211,0.6327859398526431,0.2702841770875171,0.6156042127710765,0.4896722325293754,0.7533549783549784,0.0434329710144927,0.2813616071428572,,,,,,,,,92,90
M1_72h_2023,72h,2023,fc31b18a66e93713,M1,seq2seq_base,expanding,0.198348326418718,0.4544361392237366,0.1935483870967742,0.0695364238410596,0.42,0.5178571428571428,0.58,0.4677419354838709,62.0,0.88,1.76,25.0,0.0230847459463081,0.358511617037609,0.3139288636391715,0.5663054411092494,0.4028926955397544,0.6094184027777778,0.102798202614379,0.2807017543859649,,,,,,,,,92,90
M2_72h_2017,72h,2017,717769dca5c83a26,M2,seq2seq_base,expanding,0.4855807278996965,0.6360485295418561,0.1785714285714285,0.0686567164179104,0.5897435897435898,0.4776119402985074,0.4102564102564102,0.5714285714285714,28.0,-0.0833333333333333,1.5833333333333333,12.0,0.3576259230282951,0.5911807370433683,0.5240683734073776,0.6968585670787445,0.3333333333333333,0.5965043205027494,0.0398928571428571,0.3336538461538462,,,,,,,,,92,90
M2_72h_2018,72h,2018,421554905330bcd3,M2,seq2seq_base,expanding,-0.2396147187106636,0.1943829747906071,0.3181818181818182,0.0879765395894428,0.6382978723404256,0.4927536231884059,0.3617021276595745,0.7727272727272727,22.0,0.0,1.8666666666666667,15.0,-0.9899139196255496,0.1812336286972397,-0.0257530590132705,0.3784873346208868,0.3383333333333333,0.6316228070175438,0.1426948051948051,0.5295693277310924,,,,,,,,,92,90
M2_72h_2019,72h,2019,005c24842a8cfc44,M2,seq2seq_base,expanding,0.6311834224111952,0.6620926468462676,0.2790697674418604,0.0685358255451713,0.4074074074074074,0.6597938144329897,0.5925925925925926,0.7441860465116279,43.0,0.4,1.4666666666666666,15.0,0.5575682867865334,0.6911242257281072,0.5925703090237832,0.7436416261318085,0.5477600888559794,0.7500811688311687,0.1462543554006968,0.4082533013205282,,,,,,,,,92,90
M2_72h_2020,72h,2020,562561f9bb9cf3aa,M2,seq2seq_base,expanding,0.4202000518358836,0.5599955043416022,0.3617021276595745,0.060126582278481,0.3518518518518518,0.6930693069306931,0.6481481481481481,0.7446808510638298,47.0,0.3684210526315789,1.4210526315789471,19.0,0.2332166983172782,0.54987069784326,0.4521254964568896,0.6202193705608494,0.5777663230240551,0.7755190007037297,0.2301020408163265,0.5,,,,,,,,,92,90
M2_72h_2021,72h,2021,32c1d0331ab72c83,M2,seq2seq_base,expanding,-0.1761463002836871,0.2379246823970134,0.2,0.0446927374301676,0.8,0.32,0.2,0.8,5.0,0.6,0.6,5.0,-1.8253871471846703,0.2796356789901334,-0.2229431293189077,0.4264523273134279,0.0,0.5500431034482758,0.0,0.6666666666666666,,,,,,,,,92,90
M2_72h_2022,72h,2022,ae418e04b5b7a521,M2,seq2seq_base,expanding,0.4992944259188889,0.5898771358080457,0.4761904761904761,0.0685358255451713,0.4313725490196078,0.6236559139784946,0.5686274509803921,0.6904761904761905,42.0,1.5,1.9444444444444444,18.0,0.3072737563112445,0.6207355615279836,0.4554341249035464,0.6550413547930888,0.4805258033106134,0.7328564356435645,0.3234768907563025,0.6098531042128603,,,,,,,,,92,90
M2_72h_2023,72h,2023,979e10a8be87f717,M2,seq2seq_base,expanding,-0.2640451040811349,0.2513832696555035,0.4354838709677419,0.2549668874172185,0.6416666666666667,0.4725274725274725,0.3583333333333333,0.6935483870967742,62.0,0.64,1.36,25.0,-0.7422185654327337,0.0332124823484122,0.0658737391949326,0.3740243976420324,0.386834939254294,0.5477292309402707,0.3102474972191323,0.5429649595687331,,,,,,,,,92,90
M3_72h_2017,72h,2017,7d14b671c58949ec,M3,seq2seq_base,expanding,0.5687639342135642,0.6498200007066164,0.1428571428571428,0.0417910447761194,0.5384615384615384,0.4444444444444445,0.4615384615384615,0.4285714285714285,28.0,-0.0833333333333333,1.9166666666666667,12.0,0.4837806590742906,0.6431782758566824,0.5505073440633828,0.7684869219587093,0.2906363636363636,0.5827139037433157,0.0,0.2857142857142857,,,,,,,,,92,90
M3_72h_2018,72h,2018,21eb00d3cb204643,M3,seq2seq_base,expanding,0.2153152117362589,0.2578821343875995,0.0,0.002932551319648,0.5,0.0833333333333333,0.5,0.0454545454545454,22.0,1.2,2.1333333333333333,15.0,0.1024579563353465,0.3203112849748354,0.1313094341723377,0.3628567477620897,0.0,0.2502717391304348,0.0,0.0,,,,,,,,,92,90
M3_72h_2019,72h,2019,1f504ef7d49bd9ac,M3,seq2seq_base,expanding,0.3813695373027064,0.3100575930085234,0.0,0.0186915887850467,0.3157894736842105,0.4193548387096774,0.6842105263157895,0.3023255813953488,43.0,1.2,1.8666666666666667,15.0,0.3122126016638045,0.4616918554624697,0.2359439769344972,0.4034676133598866,0.2497844827586207,0.5538888888888889,0.0,0.0,,,,,,,,,92,90
M3_72h_2020,72h,2020,81802c8b604d359b,M3,seq2seq_base,expanding,0.5366033577361873,0.5565672087907164,0.1702127659574468,0.0126582278481012,0.16,0.5833333333333334,0.84,0.4468085106382978,47.0,-0.0526315789473684,1.3157894736842106,19.0,0.424716028600197,0.6398649862130713,0.4495148511630124,0.6732234845545803,0.4411640079760718,0.7027175527175527,0.0713095238095238,0.3024597495527728,,,,,,,,,92,90
M3_72h_2021,72h,2021,ccfa6e66c616a24b,M3,seq2seq_base,expanding,0.2593486617323026,0.3646287134075366,0.0,0.0055865921787709,1.0,0.0,0.0,0.0,5.0,0.8,0.8,5.0,0.0439115005834477,0.3789963935889041,0.2538163286871495,0.5159220909148817,0.0,0.0,0.0,0.0,,,,,,,,,92,90
M3_72h_2022,72h,2022,5a7f093b44a0a18e,M3,seq2seq_base,expanding,0.471538551107879,0.4885895193268953,0.119047619047619,0.0249221183800623,0.32,0.5074626865671642,0.68,0.4047619047619047,42.0,0.8888888888888888,1.6666666666666667,18.0,0.3260785476598229,0.6160915378449187,0.2883655170804233,0.6595108102015331,0.3332089552238806,0.6286466165413533,0.027759009009009,0.2368421052631578,,,,,,,,,92,90
M3_72h_2023,72h,2023,85f2c2058cb0124c,M3,seq2seq_base,expanding,0.1191453653892929,0.4504420010097553,0.1774193548387097,0.0562913907284768,0.3617021276595745,0.5504587155963303,0.6382978723404256,0.4838709677419355,62.0,1.08,1.88,25.0,-0.1285474838242847,0.3536530963946186,0.2994897475358247,0.5554242519618301,0.4041489361702128,0.6355140186915887,0.095734126984127,0.2688368502316006,,,,,,,,,92,90
M4_72h_2017,72h,2017,c5082683c4a3f180,M4,seq2seq_base,expanding,0.4857959729171446,0.5991723536228566,0.1428571428571428,0.0328358208955223,0.4230769230769231,0.5555555555555555,0.5769230769230769,0.5357142857142857,28.0,1.25,2.083333333333333,12.0,0.3414318971002082,0.584199012221727,0.4914863601269999,0.661245879245425,0.3225518433179723,0.7042667771333886,0.0,0.2857142857142857,,,,,,,,,92,90
M4_72h_2018,72h,2018,abdd8c43a4a7dfa5,M4,seq2seq_base,expanding,0.0384817721605382,0.43099901089039,0.3181818181818182,0.0674486803519061,0.6388888888888888,0.4482758620689656,0.3611111111111111,0.5909090909090909,22.0,0.4,1.6,15.0,-0.3805635769737984,0.3087688210589581,0.2728212630228091,0.5511383837601346,0.270656779661017,0.6224561403508773,0.124875,0.550138888888889,,,,,,,,,92,90
M4_72h_2019,72h,2019,c6487e2e90121b36,M4,seq2seq_base,expanding,0.6378581640152245,0.6904726157661074,0.2790697674418604,0.0654205607476635,0.3962264150943396,0.6666666666666666,0.6037735849056604,0.7441860465116279,43.0,0.0666666666666666,1.4,15.0,0.556883567226468,0.6939464044085575,0.630054741135165,0.7542557675409318,0.5416170634920635,0.7596074527094298,0.1462543554006968,0.4082533013205282,,,,,,,,,92,90
M4_72h_2020,72h,2020,7e798f33c699364d,M4,seq2seq_base,expanding,0.4219691697607364,0.5733358761289953,0.3404255319148936,0.0569620253164556,0.36,0.6597938144329897,0.64,0.6808510638297872,47.0,0.3157894736842105,1.368421052631579,19.0,0.2489902816688202,0.5541658792237076,0.4755115686237722,0.6325050151717198,0.5348095002474023,0.7578947368421053,0.2038576406172225,0.4857509157509158,,,,,,,,,92,90
M4_72h_2021,72h,2021,a652b6231b22deef,M4,seq2seq_base,expanding,0.2049220383732967,0.3456516131020899,0.0,0.0307262569832402,0.7333333333333333,0.4,0.2666666666666666,0.8,5.0,0.4,0.4,5.0,-0.6001069548731741,0.4521655471002542,0.0800333325218868,0.4781521319110365,0.0,0.6434523809523811,0.0,0.0,,,,,,,,,92,90
M4_72h_2022,72h,2022,e35a7a25d3e9a763,M4,seq2seq_base,expanding,0.4943869991551104,0.6182095136233929,0.3809523809523809,0.0623052959501557,0.4081632653061224,0.6373626373626373,0.5918367346938775,0.6904761904761905,42.0,1.1666666666666667,1.8333333333333333,18.0,0.2954534824176338,0.6103123968486242,0.4889795035121109,0.6974579479166572,0.493962770417575,0.750109649122807,0.2497282608695652,0.5532505910165485,,,,,,,,,92,90
M4_72h_2023,72h,2023,a897ec2c9ba40012,M4,seq2seq_base,expanding,-0.297029364168393,0.2850074720275888,0.4516129032258064,0.2086092715231788,0.5943396226415094,0.5119047619047619,0.4056603773584906,0.6935483870967742,62.0,0.24,1.52,25.0,-0.880713088339235,0.0605599990297827,0.0862368636341463,0.4210223713263827,0.4222843309859155,0.5936829394514404,0.3275360866078589,0.5600909090909092,,,,,,,,,92,90
robustness_M2_uniform_2025_72h,72h,2025,,M2_robustness_uniform,seq2seq_base,,,,,,,,,,,,,,,,,,,,,,50.0,0.1,0.0660077333450317,0.5571625232696533,6.977500915527344,0.0,-0.001926782273603,,92,90
robustness_M2_gaussian_2025_72h,72h,2025,,M2_robustness_gaussian,seq2seq_base,,,,,,,,,,,,,,,,,,,,,,50.0,0.05,0.0626634210348129,0.4799370765686035,5.732561111450195,0.0,-0.001926782273603,,92,90
M5_holdout_final,48h,2025,7b144ebf69c8a2b1,M5,seq2seq_rf,holdout_final,0.1526745203355309,0.387434320297589,0.3214285714285714,0.0961538461538461,0.704225352112676,0.4242424242424242,0.2957746478873239,0.75,28.0,0.4444444444444444,0.8888888888888888,18.0,-0.1674831999667545,0.3530086670859358,0.2551330249429938,0.4776490315231241,0.2997916666666667,0.5641509433962264,0.181737012987013,0.5,,,,,,,,,92,90
M2_holdout_final_24h,24h,2025,7c9b77d388ca8e8b,M2,seq2seq_base,holdout_final,0.4464796899509523,0.6589279565555612,0.3214285714285714,0.0422264875239923,0.5945945945945946,0.4615384615384615,0.4054054054054054,0.5357142857142857,28.0,0.5555555555555556,0.8888888888888888,18.0,0.2457089592424643,0.6003731770736582,0.5479839284228973,0.7388024886285842,0.2926385809312638,0.5882352941176471,0.1360795454545454,0.5,,,,,,,,,92,90
M5_holdout_final_24h,24h,2025,3b1a9549602bb2d6,M5,seq2seq_rf,holdout_final,0.3174872581852115,0.5222224384324656,0.4285714285714285,0.0806142034548944,0.711864406779661,0.3908045977011494,0.288135593220339,0.6071428571428571,28.0,0.1666666666666666,0.8333333333333334,18.0,0.0263271274611632,0.5035559647192042,0.400261846684258,0.6051217756894459,0.2499143835616437,0.5054945054945054,0.25,0.6001785714285715,,,,,,,,,92,90
M1_holdout_final_24h,24h,2025,1ab40f7ae92acef2,M1,seq2seq_base,holdout_final,0.4565773425924492,0.4897666116542589,0.0357142857142857,0.0038387715930902,0.1666666666666666,0.5,0.8333333333333334,0.3571428571428571,28.0,0.3888888888888889,0.8333333333333334,18.0,0.3329945812790359,0.575721569577074,0.3973345515435744,0.591733619555433,0.2578629032258064,0.6818458980044345,0.0,0.1179667519181586,,,,,,,,,92,90
quantile_regression_holdout_final_2025_24h,24h,2025,3b1a9549602bb2d6,quantile_regression,baseline,holdout_final,0.4695196866275234,0.5714375319617659,0.0714285714285714,0.0153550863723608,0.5,0.3636363636363636,0.5,0.2857142857142857,28.0,0.7777777777777778,1.1111111111111112,18.0,0.3142481248231114,0.5841666473452329,0.4698319333251085,0.6734064744109327,0.1424107142857143,0.5371707317073172,0.0,0.174194847020934,,,,,,,,,92,90
gradient_boosting_quantile_holdout_final_2025_24h,24h,2025,3b1a9549602bb2d6,gradient_boosting_quantile,baseline,holdout_final,0.4952010497467051,0.5195092659069707,0.0714285714285714,0.0076775431861804,0.3076923076923077,0.4390243902439025,0.6923076923076923,0.3214285714285714,28.0,0.7222222222222222,1.0555555555555556,18.0,0.3945004357316585,0.5959969591296043,0.437776913454642,0.6286505675509831,0.2102631578947368,0.6316431322207958,0.0,0.1904761904761904,,,,,,,,,92,90
heuristic_ensemble_holdout_final_24h_2025,24h,2025,3b1a9549602bb2d6,heuristic_ensemble,baseline,holdout_final,0.272281234069479,0.4718333342153676,0.4285714285714285,0.0902111324376199,0.7014925373134329,0.4210526315789473,0.2985074626865671,0.7142857142857143,28.0,0.3333333333333333,0.8888888888888888,18.0,-0.0478689237871151,0.4772369200371217,0.3367724129268084,0.5566532406072833,0.2857142857142857,0.5567835051546393,0.25,0.6001785714285715,,,,,,,,,92,90
M2_holdout_final_72h,72h,2025,f02a1a3083c915a2,M2,seq2seq_base,holdout_final,0.2310857873527467,0.5150537674063157,0.25,0.0770712909441233,0.7407407407407407,0.3414634146341463,0.2592592592592592,0.5,28.0,0.4705882352941176,1.1764705882352942,17.0,-0.0359858603034632,0.3919854032826675,0.4067932001501994,0.5781866781305919,0.203243356350701,0.4546760710553814,0.1033620689655172,0.411815415821501,,,,,,,,,92,90
M5_holdout_final_72h,72h,2025,b331cea1207c8018,M5,seq2seq_rf,holdout_final,0.1037635285038853,0.3788368091768224,0.3214285714285714,0.1001926782273603,0.7323943661971831,0.3838383838383838,0.2676056338028169,0.6785714285714286,28.0,0.4117647058823529,1.2352941176470589,17.0,-0.1938875717139362,0.2965283098751429,0.2671569076361849,0.4697027614169875,0.2598218390804598,0.4912626262626263,0.1363636363636363,0.480037037037037,,,,,,,,,92,90
M1_holdout_final_72h,72h,2025,cb8c2b727d818af7,M1,seq2seq_base,holdout_final,0.1516105421385356,0.2220833687727778,0.0,0.0077071290944123,0.5714285714285714,0.1714285714285714,0.4285714285714285,0.1071428571428571,28.0,1.1764705882352942,1.8823529411764703,17.0,0.0245615434065951,0.2336230461903448,0.1327993439337203,0.3072887152968612,0.0,0.3414982578397212,0.0,0.0,,,,,,,,,92,90
quantile_regression_holdout_final_2025_72h,72h,2025,b331cea1207c8018,quantile_regression,baseline,holdout_final,0.3138703875144852,0.3854206509296327,0.0357142857142857,0.0154142581888246,0.6153846153846154,0.2439024390243902,0.3846153846153846,0.1785714285714285,28.0,1.411764705882353,1.411764705882353,17.0,0.2121030797116238,0.3932336926177519,0.2890741398866758,0.4811148282302714,0.0571428571428571,0.4092803030303031,0.0,0.1177058823529411,,,,,,,,,92,90
gradient_boosting_quantile_holdout_final_2025_72h,72h,2025,b331cea1207c8018,gradient_boosting_quantile,baseline,holdout_final,0.3331156983775017,0.3573319779630621,0.0357142857142857,0.0,0.0,0.0689655172413793,1.0,0.0357142857142857,28.0,0.8823529411764706,1.2352941176470589,17.0,0.2709602177099114,0.4069268030842098,0.2688000854289659,0.4675965915856592,0.0,0.2106203007518797,0.0,0.1177058823529411,,,,,,,,,92,90
heuristic_ensemble_holdout_final_72h_2025,72h,2025,b331cea1207c8018,heuristic_ensemble,baseline,holdout_final,-0.1816878862191728,0.1956514190371484,0.4285714285714285,0.1483622350674373,0.7857142857142857,0.3333333333333333,0.2142857142857142,0.75,28.0,0.1764705882352941,1.1176470588235294,17.0,-0.6442335104435731,0.106075179999014,0.0402849311341685,0.3164781313410081,0.2306603773584905,0.4445273631840796,0.25,0.6130568356374808,,,,,,,,,92,90
robustness_M5_uniform_2025,48h,2025,,M5_robustness_uniform,seq2seq_rf,,,,,,,,,,,,,,,,,,,,,,50.0,0.1,0.2572695910930633,0.7830656170845032,37.07433319091797,0.0,0.0038461538461538,0.9902554744525548,92,90
robustness_M5_gaussian_2025,48h,2025,,M5_robustness_gaussian,seq2seq_rf,,,,,,,,,,,,,,,,,,,,,,50.0,0.05,0.2339537739753723,0.6891118884086609,31.36370277404785,0.0,0.0038461538461538,0.991970802919708,92,90
M5_p95_2017,48h,2017,2de09d49df2fedb0,M5,seq2seq_rf,expanding,0.1257936496915275,0.0745269340461766,0.4545454545454545,0.0339943342776204,0.631578947368421,0.4666666666666667,0.3684210526315789,0.6363636363636364,11.0,-1.0,1.3333333333333333,6.0,-0.2069631306764877,0.3409328093501534,-0.1410692699545861,0.2113864582914661,0.2220238095238095,0.6671428571428574,0.1991666666666667,0.7783333333333334,,,,,,,,,92,95
quantile_regression_p95_2017,48h,2017,2de09d49df2fedb0,quantile_regression,baseline,expanding,0.5063862227828815,0.5865436458902307,0.0,0.0,0.0,0.0,0.0,0.0,11.0,0.5,1.8333333333333333,6.0,0.4206175052843193,0.5812120529026502,0.5018098643008363,0.6588742814240511,0.0,0.0,0.0,0.0,,,,,,,,,92,95
gradient_boosting_quantile_p95_2017,48h,2017,2de09d49df2fedb0,gradient_boosting_quantile,baseline,expanding,0.5654326613817554,0.5425814282361352,0.0,0.0028328611898017,1.0,0.0,0.0,0.0,11.0,-0.5,1.1666666666666667,6.0,0.4942361991506991,0.6347235055674523,0.4617575500908349,0.6495381792285159,0.0,0.0,0.0,0.0,,,,,,,,,92,95
heuristic_ensemble_p95_2017,48h,2017,2de09d49df2fedb0,heuristic_ensemble,baseline,expanding,0.3509544892519671,0.3162207613612949,0.3636363636363636,0.0198300283286118,0.5,0.56,0.5,0.6363636363636364,11.0,-1.0,1.3333333333333333,6.0,0.0983442714181474,0.5091970344426419,0.1288415336538814,0.4411224534576257,0.3,0.7744039270687237,0.1111111111111111,0.6923076923076923,,,,,,,,,92,95
M5_p95_2018,48h,2018,d7f9d634d34ce316,M5,seq2seq_rf,expanding,-0.9012644758507302,-0.080929378035206,0.5,0.0536723163841807,0.7037037037037037,0.4324324324324324,0.2962962962962963,0.8,10.0,1.0,1.0,8.0,-1.9207277733089951,-0.1963091973692026,-0.3712322259299068,0.1378555566265212,0.2376984126984127,0.6155555555555557,0.125,0.8339285714285716,,,,,,,,,92,95
quantile_regression_p95_2018,48h,2018,d7f9d634d34ce316,quantile_regression,baseline,expanding,0.3495026408332515,0.4099619864210335,0.0,0.0,0.0,0.1818181818181818,1.0,0.1,10.0,1.75,1.75,8.0,0.2538105774755617,0.4432966661134997,0.3180619653389924,0.5114059590740392,0.0,0.428968253968254,0.0,0.0,,,,,,,,,92,95
gradient_boosting_quantile_p95_2018,48h,2018,d7f9d634d34ce316,gradient_boosting_quantile,baseline,expanding,0.4181528339152758,0.4355044612080371,0.0,0.0,0.0,0.0,0.0,0.0,10.0,0.875,1.125,8.0,0.3319966481888218,0.4987575381347828,0.3375026822805909,0.5349604532170599,0.0,0.0,0.0,0.0,,,,,,,,,92,95
heuristic_ensemble_p95_2018,48h,2018,d7f9d634d34ce316,heuristic_ensemble,baseline,expanding,-0.2673963689989633,0.1408876350204192,0.2,0.0310734463276836,0.6470588235294118,0.4444444444444445,0.3529411764705882,0.6,10.0,0.875,0.875,8.0,-0.8270480319797804,0.1928058187942747,-0.0778411535778259,0.3227936726889728,0.2064860426929392,0.6666666666666666,0.0,0.4285714285714285,,,,,,,,,92,95
M5_p95_2019,48h,2019,bfff9814071f0e3c,M5,seq2seq_rf,expanding,0.4489426858951362,0.5226306850635882,0.1153846153846153,0.0383480825958702,0.52,0.4705882352941176,0.48,0.4615384615384615,26.0,0.6363636363636364,1.7272727272727273,11.0,0.3440154272724858,0.5511261779632948,0.4484164227949748,0.5973741543034727,0.2913517441860465,0.6364545454545456,0.0,0.25,,,,,,,,,92,95
quantile_regression_p95_2019,48h,2019,bfff9814071f0e3c,quantile_regression,baseline,expanding,0.4260728053110544,0.4360504495801485,0.0,0.0147492625368731,0.625,0.1764705882352941,0.375,0.1153846153846153,26.0,0.2727272727272727,1.7272727272727273,11.0,0.3454596168611101,0.5452191320295476,0.3349089682079008,0.5974850208928493,0.0,0.3503409090909092,0.0,0.0,,,,,,,,,92,95
gradient_boosting_quantile_p95_2019,48h,2019,bfff9814071f0e3c,gradient_boosting_quantile,baseline,expanding,0.4539006090580203,0.3993514693058977,0.0,0.0,0.0,0.0,0.0,0.0,26.0,0.2727272727272727,1.5454545454545454,11.0,0.3891875321408583,0.5687877334166722,0.3087595970472407,0.5402119399001768,0.0,0.0,0.0,0.0,,,,,,,,,92,95
heuristic_ensemble_p95_2019,48h,2019,bfff9814071f0e3c,heuristic_ensemble,baseline,expanding,0.5089273081730152,0.535324531904763,0.2307692307692307,0.0501474926253687,0.5151515151515151,0.5423728813559322,0.4848484848484848,0.6153846153846154,26.0,0.7272727272727273,1.6363636363636365,11.0,0.3329999042024744,0.6042114725019839,0.4363785866240218,0.5984623941763758,0.3718816067653277,0.6956521739130435,0.0798518518518518,0.4141625615763548,,,,,,,,,92,95
M5_p95_2020,48h,2020,e61451c433ce7a9b,M5,seq2seq_rf,expanding,0.2532439296338494,0.5388669998085097,0.2222222222222222,0.0433526011560693,0.6521739130434783,0.3902439024390244,0.3478260869565217,0.4444444444444444,18.0,-0.0909090909090909,1.9090909090909087,11.0,-0.0028826863807594,0.4752601337037478,0.4025876822235801,0.6265847472332114,0.1874999999999999,0.5719155844155844,0.0415178571428571,0.4095779220779222,,,,,,,,,92,95
quantile_regression_p95_2020,48h,2020,e61451c433ce7a9b,quantile_regression,baseline,expanding,0.4813580191658084,0.4789563756201156,0.0,0.0028901734104046,1.0,0.0,0.0,0.0,18.0,0.8181818181818182,1.7272727272727273,11.0,0.4079332477173207,0.5767205467701197,0.4001625775575348,0.5760725599270521,0.0,0.0,0.0,0.0,,,,,,,,,92,95
gradient_boosting_quantile_p95_2020,48h,2020,e61451c433ce7a9b,gradient_boosting_quantile,baseline,expanding,0.5979620210009323,0.5550369460722235,0.0,0.0028901734104046,1.0,0.0,0.0,0.0,18.0,0.7272727272727273,1.4545454545454546,11.0,0.5202288824492874,0.6879914890530978,0.4719887958286997,0.647604217700352,0.0,0.0,0.0,0.0,,,,,,,,,92,95
heuristic_ensemble_p95_2020,48h,2020,e61451c433ce7a9b,heuristic_ensemble,baseline,expanding,0.1261376227384115,0.3694637386860537,0.4444444444444444,0.0549132947976878,0.6551724137931034,0.4255319148936171,0.3448275862068966,0.5555555555555556,18.0,0.0,1.818181818181818,11.0,-0.2018170859689538,0.3979403971805544,0.188544500299195,0.4978239383275353,0.235126050420168,0.5833333333333334,0.2306818181818181,0.7058823529411765,,,,,,,,,92,95
M5_p95_2021,48h,2021,d2cbc75d08987dfd,M5,seq2seq_rf,expanding,-0.0876116357475533,0.2883458166747221,0.0,0.022284122562674,0.6666666666666666,0.4705882352941176,0.3333333333333333,0.8,5.0,-0.2,1.0,5.0,-1.2178020072167788,0.4379897073420075,-0.0815251323775348,0.5264231955869608,0.1329411764705882,0.7499999999999999,0.0,0.0,,,,,,,,,92,95
quantile_regression_p95_2021,48h,2021,d2cbc75d08987dfd,quantile_regression,baseline,expanding,0.2806195766465648,0.3464456774853395,0.0,0.0,0.0,0.0,0.0,0.0,5.0,1.8,1.8,5.0,0.1734995578876365,0.3515189987262098,0.2516974492927157,0.5049652896834985,0.0,0.0,0.0,0.0,,,,,,,,,92,95
gradient_boosting_quantile_p95_2021,48h,2021,d2cbc75d08987dfd,gradient_boosting_quantile,baseline,expanding,0.3601886884523317,0.3704984677539871,0.0,0.0,0.0,0.0,0.0,0.0,5.0,0.4,0.4,5.0,0.2910732180362607,0.4610284049572092,0.2663357263153287,0.539694124687858,0.0,0.0,0.0,0.0,,,,,,,,,92,95
heuristic_ensemble_p95_2021,48h,2021,d2cbc75d08987dfd,heuristic_ensemble,baseline,expanding,-0.1193229543771394,0.0973187063731364,0.0,0.0167130919220055,0.6666666666666666,0.4285714285714285,0.3333333333333333,0.6,5.0,0.8,0.8,5.0,-1.2745317429831096,0.3824977205473016,-0.2214187803471671,0.3355384943743477,0.0,0.7142857142857143,0.0,0.0,,,,,,,,,92,95
M5_p95_2022,48h,2022,1bc538582d22b2fe,M5,seq2seq_rf,expanding,0.5045450000705639,0.6125287098399367,0.4285714285714285,0.0524781341107871,0.5454545454545454,0.5555555555555556,0.4545454545454545,0.7142857142857143,21.0,1.3333333333333333,1.3333333333333333,12.0,0.312919925460154,0.6209427135636799,0.4277138048005242,0.6911219278674299,0.3720012239902081,0.6779661016949152,0.2305555555555555,0.6429621848739496,,,,,,,,,92,95
quantile_regression_p95_2022,48h,2022,1bc538582d22b2fe,quantile_regression,baseline,expanding,0.3372787173148878,0.3742136026360793,0.0,0.0204081632653061,0.5833333333333334,0.303030303030303,0.4166666666666667,0.238095238095238,21.0,1.3333333333333333,1.6666666666666667,12.0,0.2100045267692415,0.4737998143009277,0.2503676551266715,0.5256689756768506,0.1174836601307189,0.500357142857143,0.0,0.0,,,,,,,,,92,95
gradient_boosting_quantile_p95_2022,48h,2022,1bc538582d22b2fe,gradient_boosting_quantile,baseline,expanding,0.4098332698849135,0.353214753145698,0.0,0.0029154518950437,0.1666666666666666,0.3703703703703703,0.8333333333333334,0.238095238095238,21.0,0.75,2.083333333333333,12.0,0.3081056584712653,0.528734136194386,0.2318381194456511,0.515403421968816,0.1428571428571428,0.5883442265795208,0.0,0.0,,,,,,,,,92,95
heuristic_ensemble_p95_2022,48h,2022,1bc538582d22b2fe,heuristic_ensemble,baseline,expanding,0.4882780216977491,0.5072682087918079,0.4285714285714285,0.0466472303206997,0.5161290322580645,0.5769230769230769,0.4838709677419355,0.7142857142857143,21.0,1.5,1.5,12.0,0.2760213288516535,0.5947169224956497,0.3241278523399042,0.6099778862113421,0.3888440860215054,0.6898050974512745,0.2305555555555555,0.6429621848739496,,,,,,,,,92,95
M5_p95_2023,48h,2023,c330caca3da1421a,M5,seq2seq_rf,expanding,-0.5388002953021576,0.1737722250718264,0.3478260869565217,0.1140350877192982,0.75,0.3466666666666667,0.25,0.5652173913043478,23.0,0.5882352941176471,1.2941176470588236,17.0,-1.293862416076164,-0.1197407379367799,-0.0655575175698603,0.3246521913219392,0.205,0.5060719066743163,0.15,0.56,,,,,,,,,92,95
quantile_regression_p95_2023,48h,2023,c330caca3da1421a,quantile_regression,baseline,expanding,0.3590356410110737,0.4140463023075438,0.0,0.0029239766081871,1.0,0.0,0.0,0.0,23.0,1.1764705882352942,1.6470588235294117,17.0,0.2672155569083504,0.4569931422981843,0.3076162658803726,0.5212941998495487,0.0,0.0,0.0,0.0,,,,,,,,,92,95
gradient_boosting_quantile_p95_2023,48h,2023,c330caca3da1421a,gradient_boosting_quantile,baseline,expanding,0.4013747049271231,0.4315627878524967,0.0,0.0,0.0,0.0,0.0,0.0,23.0,0.7647058823529411,1.2352941176470589,17.0,0.3012036107885689,0.505066857180235,0.3205682288534207,0.5354390840623313,0.0,0.0,0.0,0.0,,,,,,,,,92,95
heuristic_ensemble_p95_2023,48h,2023,c330caca3da1421a,heuristic_ensemble,baseline,expanding,-0.5164555286294199,0.1585010103331211,0.3478260869565217,0.1198830409356725,0.7454545454545455,0.358974358974359,0.2545454545454545,0.6086956521739131,23.0,1.1176470588235294,1.3529411764705883,17.0,-1.268651520662353,-0.0899453735627098,-0.090478149629396,0.3099366528424436,0.2307377049180327,0.5063364569388666,0.15,0.56,,,,,,,,,92,95
M1_p95_2017,48h,2017,453cf4f2b23a9c65,M1,seq2seq_base,expanding,0.3739104753859613,0.4246253380094775,0.0909090909090909,0.0028328611898017,0.3333333333333333,0.2857142857142857,0.6666666666666666,0.1818181818181818,11.0,1.0,2.0,6.0,0.2318452601761172,0.5043575194151332,0.3170386480429109,0.5336367312848956,0.0,0.6,0.0,0.3076923076923077,,,,,,,,,92,95
M1_p95_2018,48h,2018,e7282e335f8860a2,M1,seq2seq_base,expanding,0.210727508630159,0.3203493566447195,0.1,0.0,0.0,0.1818181818181818,1.0,0.1,10.0,0.875,2.125,8.0,0.0852347733255859,0.3347882552281146,0.180107351839704,0.4738421782380331,0.0,0.428968253968254,0.0,0.2730519480519481,,,,,,,,,92,95
M1_p95_2019,48h,2019,49498974a76555c9,M1,seq2seq_base,expanding,0.6434392016133879,0.6168198879222133,0.1538461538461538,0.0088495575221238,0.1875,0.6190476190476191,0.8125,0.5,26.0,1.0,1.9090909090909087,11.0,0.5349668194201724,0.734931996973709,0.528393771224962,0.7346159810313925,0.4509286412512219,0.7571926765475154,0.0343782654127481,0.2941721132897604,,,,,,,,,92,95
M1_p95_2020,48h,2020,7d579f7df2e72e4f,M1,seq2seq_base,expanding,0.5576440942287408,0.5655130811508495,0.1111111111111111,0.0057803468208092,0.4,0.2608695652173913,0.6,0.1666666666666666,18.0,0.5454545454545454,2.0,11.0,0.4333534387652411,0.6649311570333268,0.4445354878391015,0.674594218997618,0.0,0.4801621621621623,0.0,0.2728535353535353,,,,,,,,,92,95
M1_p95_2021,48h,2021,d35581d9710745a8,M1,seq2seq_base,expanding,0.2369091260622571,0.5478208182428841,0.0,0.0083565459610027,1.0,0.0,0.0,0.0,5.0,0.0,0.8,5.0,-0.3184269919109285,0.4923992813492137,0.4166793359624945,0.6429878844075656,0.0,0.0,0.0,0.0,,,,,,,,,92,95
M1_p95_2022,48h,2022,57a92a301e7db750,M1,seq2seq_base,expanding,0.5379152324106431,0.485157656640792,0.1428571428571428,0.0058309037900874,0.1666666666666666,0.6060606060606061,0.8333333333333334,0.4761904761904761,21.0,1.0833333333333333,1.5833333333333333,12.0,0.4023277217971422,0.6769379649122784,0.3434005650542797,0.6484875697314758,0.3997222222222222,0.7729212860310422,0.0,0.3336956521739131,,,,,,,,,92,95
M1_p95_2023,48h,2023,fe9f529380448eab,M1,seq2seq_base,expanding,0.2652096315741932,0.4682504176936199,0.0869565217391304,0.0204678362573099,0.5384615384615384,0.3333333333333333,0.4615384615384615,0.2608695652173913,23.0,1.411764705882353,1.7647058823529411,17.0,0.0791901593162738,0.4320528359186182,0.3295453354326587,0.5873859062674232,0.124905303030303,0.5303069053708442,0.0,0.2415948275862069,,,,,,,,,92,95
M2_p95_2017,48h,2017,6b72decd0e4eec90,M2,seq2seq_base,expanding,0.5550488767673118,0.6436185145766351,0.2727272727272727,0.0169971671388102,0.6,0.380952380952381,0.4,0.3636363636363636,11.0,-1.0,1.3333333333333333,6.0,0.41887433538657,0.661256820392866,0.5314905051724743,0.7126389262882801,0.1111111111111111,0.6363636363636364,0.0,0.556666666666667,,,,,,,,,92,95
M2_p95_2018,48h,2018,c59c7fb0e2bc27d6,M2,seq2seq_base,expanding,0.1132492716997767,0.3724883958288882,0.1,0.0028248587570621,0.5,0.1666666666666666,0.5,0.1,10.0,2.0,2.0,8.0,-0.0935370654969958,0.2309761214913872,0.2437293402222036,0.4752503348295832,0.0,0.4,0.0,0.2730519480519481,,,,,,,,,92,95
M2_p95_2019,48h,2019,5173fd18b7bc11af,M2,seq2seq_base,expanding,0.6630431495962779,0.7079615360927354,0.2307692307692307,0.0176991150442477,0.3157894736842105,0.5777777777777778,0.6842105263157895,0.5,26.0,1.3636363636363635,2.090909090909091,11.0,0.5565815928432369,0.7389082125691855,0.631954240901548,0.7839735439542914,0.3997222222222222,0.7368421052631579,0.1,0.4090909090909091,,,,,,,,,92,95
M2_p95_2020,48h,2020,3faf2edf5982804e,M2,seq2seq_base,expanding,0.4567107588574297,0.578057012644595,0.2222222222222222,0.0289017341040462,0.625,0.3529411764705882,0.375,0.3333333333333333,18.0,0.4545454545454545,1.3636363636363635,11.0,0.2785352853658456,0.623603135132253,0.4692504022295929,0.634315078700031,0.148015873015873,0.5295098039215687,0.0,0.4354515050167225,,,,,,,,,92,95
M2_p95_2021,48h,2021,43b7fe27dd050285,M2,seq2seq_base,expanding,0.3008315287020817,0.6090815968392314,0.2,0.011142061281337,0.6666666666666666,0.3636363636363636,0.3333333333333333,0.4,5.0,0.4,0.4,5.0,-0.2911766350730851,0.5721759119792922,0.4048145710241948,0.706431238043875,0.0,0.7146103896103897,0.0,0.6666666666666666,,,,,,,,,92,95
M2_p95_2022,48h,2022,06f5cb7a2737f544,M2,seq2seq_base,expanding,0.5450065184560987,0.676696269354998,0.4761904761904761,0.0495626822157434,0.5483870967741935,0.5384615384615384,0.4516129032258064,0.6666666666666666,21.0,1.5833333333333333,1.5833333333333333,12.0,0.3595106032898932,0.6591248037696252,0.5432299710840506,0.7376715283724591,0.3585365853658536,0.6763963088878097,0.266578947368421,0.6847523219814243,,,,,,,,,92,95
M2_p95_2023,48h,2023,b1287d00ebac36ad,M2,seq2seq_base,expanding,0.2523939434487323,0.5610283095723708,0.3043478260869565,0.0730994152046783,0.6944444444444444,0.3728813559322034,0.3055555555555556,0.4782608695652174,23.0,1.0,1.2352941176470589,17.0,-0.0110921776760245,0.428551888353973,0.4372750719692663,0.6424597040157916,0.2127099664053751,0.5278645833333334,0.1111111111111111,0.5005952380952382,,,,,,,,,92,95
M2_holdout_final_p95,48h,2025,c4f4dd2486437659,M2,seq2seq_base,holdout_final,0.4818673527089078,0.6712975319442319,0.0769230769230769,0.0037383177570093,0.2857142857142857,0.5,0.7142857142857143,0.3846153846153846,13.0,0.2857142857142857,1.1428571428571428,7.0,0.2783638834397183,0.6098799379271561,0.5654441734882693,0.7313810543920485,0.1535714285714285,0.7278409090909094,0.0,0.2307692307692307,,,,,,,,,92,95
M1_holdout_final_p95,48h,2025,704fa5260ece4b6d,M1,seq2seq_base,holdout_final,0.3919604249363121,0.4043946377182822,0.0,0.0,0.0,0.2666666666666667,1.0,0.1538461538461538,13.0,1.1428571428571428,1.1428571428571428,7.0,0.2755445155980476,0.4927460437985196,0.3072908966615633,0.5049208279359897,0.0,0.5454545454545454,0.0,0.0,,,,,,,,,92,95
quantile_regression_holdout_final_p95_2025,48h,2025,7b144ebf69c8a2b1,quantile_regression,baseline,holdout_final,0.379231007798224,0.4247258423604523,0.0,0.0,0.0,0.0,0.0,0.0,13.0,1.2857142857142858,1.2857142857142858,7.0,0.2753674397858281,0.4636741421650717,0.3298237753732346,0.5239627426222805,0.0,0.0,0.0,0.0,,,,,,,,,92,95
gradient_boosting_quantile_holdout_final_p95_2025,48h,2025,7b144ebf69c8a2b1,gradient_boosting_quantile,baseline,holdout_final,0.4243170283355215,0.4263837418935476,0.0,0.0,0.0,0.0,0.0,0.0,13.0,0.1428571428571428,1.2857142857142858,7.0,0.3425556476503792,0.4931253191462086,0.3517004275138016,0.523697844361677,0.0,0.0,0.0,0.0,,,,,,,,,92,95
heuristic_ensemble_holdout_final_p95_2025,48h,2025,7b144ebf69c8a2b1,heuristic_ensemble,baseline,holdout_final,0.1276288297567427,0.3195609238827764,0.2307692307692307,0.0242990654205607,0.5909090909090909,0.5142857142857142,0.4090909090909091,0.6923076923076923,13.0,0.5714285714285714,0.8571428571428571,7.0,-0.2268317090279363,0.348952887117758,0.1675758034294748,0.4219536077903867,0.2939075630252101,0.7059772296015181,0.0,0.4625000000000002,,,,,,,,,92,95
M5_holdout_final_p95,48h,2025,7b144ebf69c8a2b1,M5,seq2seq_rf,holdout_final,0.1526745203355309,0.387434320297589,0.1538461538461538,0.0299065420560747,0.6956521739130435,0.3888888888888889,0.3043478260869565,0.5384615384615384,13.0,1.0,1.2857142857142858,7.0,-0.1674831999667545,0.3530086670859358,0.2551330249429938,0.4776490315231241,0.1474747474747474,0.5518845228548518,0.0,0.3346153846153848,,,,,,,,,92,95
quantile_regression_tau90_2017,48h,2017,2de09d49df2fedb0,quantile_regression_tau90,baseline,expanding,-0.3887437239754594,-0.0301268182865099,0.4482758620689655,0.1582089552238806,0.6708860759493671,0.4814814814814815,0.3291139240506329,0.896551724137931,29.0,0.3333333333333333,1.5,12.0,-0.9490763598128048,-0.0363296095564747,-0.310908975758993,0.1746591751597954,0.3582239540607055,0.5932203389830508,0.2758620689655172,0.6153846153846154,,,,,,,,,92,90
gradient_boosting_tau90_2017,48h,2017,2de09d49df2fedb0,gradient_boosting_tau90,baseline,expanding,0.3437173488844871,0.4312297810649507,0.3103448275862069,0.0835820895522388,0.5833333333333334,0.5194805194805195,0.4166666666666667,0.6896551724137931,29.0,1.0,1.1666666666666667,12.0,0.042647346624044,0.5332619770670068,0.2349354917511604,0.5572202949009311,0.3581578409323246,0.64125,0.1478927203065134,0.4815134099616858,,,,,,,,,92,90
quantile_regression_tau90_2018,48h,2018,d7f9d634d34ce316,quantile_regression_tau90,baseline,expanding,-0.958496602247212,-0.1916910402036917,0.5,0.1871345029239766,0.7804878048780488,0.3461538461538461,0.2195121951219512,0.8181818181818182,22.0,0.2,1.1333333333333333,15.0,-1.860054110056564,-0.3059216799705325,-0.4440651652502256,0.0146042069808078,0.2245228103424935,0.4588548492791612,0.3,0.6878125,,,,,,,,,92,90
gradient_boosting_tau90_2018,48h,2018,d7f9d634d34ce316,gradient_boosting_tau90,baseline,expanding,0.0804887333483354,0.3321524308575444,0.2272727272727272,0.0497076023391812,0.5666666666666667,0.5,0.4333333333333333,0.5909090909090909,22.0,0.6,1.0,15.0,-0.3960722893003688,0.3471980559582517,0.1511300136931274,0.4615257248048603,0.3224706744868035,0.6569651741293533,0.0554824561403508,0.4402500000000001,,,,,,,,,92,90
quantile_regression_tau90_2019,48h,2019,bfff9814071f0e3c,quantile_regression_tau90,baseline,expanding,-0.377866061384136,0.0287515515003544,0.5813953488372093,0.2577639751552795,0.664,0.5,0.336,0.9767441860465116,43.0,0.125,1.25,16.0,-1.28242525121067,0.0294972800569694,-0.2583361903147207,0.2235472615394182,0.4025974025974026,0.5874494949494949,0.4704514363885089,0.7320043777360851,,,,,,,,,92,90
gradient_boosting_tau90_2019,48h,2019,bfff9814071f0e3c,gradient_boosting_tau90,baseline,expanding,0.3537160733443277,0.456525185429347,0.3720930232558139,0.1459627329192546,0.5662650602409639,0.5714285714285715,0.4337349397590361,0.8372093023255814,43.0,0.5625,1.6875,16.0,0.1331557168883846,0.4777902455186152,0.3499926584405906,0.5380654799196642,0.4714227642276423,0.6542738249539531,0.2261894995898277,0.5111240310077519,,,,,,,,,92,90
quantile_regression_tau90_2020,48h,2020,e61451c433ce7a9b,quantile_regression_tau90,baseline,expanding,-0.5075717688935137,-0.083543047053566,0.6170212765957447,0.1924290220820189,0.5922330097087378,0.5599999999999999,0.4077669902912621,0.8936170212765957,47.0,0.55,1.35,20.0,-1.0100037059416296,-0.1626232337791768,-0.2964023636296548,0.0764958369093006,0.4587026344280043,0.6400714285714286,0.4790056818181818,0.7708333333333334,,,,,,,,,92,90
gradient_boosting_tau90_2020,48h,2020,e61451c433ce7a9b,gradient_boosting_tau90,baseline,expanding,0.332451186231073,0.3784447524661399,0.6595744680851063,0.0946372239747634,0.4225352112676056,0.6949152542372881,0.5774647887323944,0.8723404255319149,47.0,0.1,1.6,20.0,0.1030063354677217,0.4785309895498693,0.2335710024963712,0.4705871848049307,0.5821768513230533,0.7732937077269932,0.5221590909090909,0.7895285087719298,,,,,,,,,92,90
quantile_regression_tau90_2021,48h,2021,d2cbc75d08987dfd,quantile_regression_tau90,baseline,expanding,-0.7720839899859546,-0.3680651919846056,0.0,0.0586592178770949,0.7777777777777778,0.3636363636363636,0.2222222222222222,1.0,6.0,0.2,0.6,5.0,-2.6607475690097178,-0.0686148667591906,-0.826137221330758,-0.0688644322805394,0.1140601503759398,0.5405405405405406,0.0,0.0,,,,,,,,,92,90
gradient_boosting_tau90_2021,48h,2021,d2cbc75d08987dfd,gradient_boosting_tau90,baseline,expanding,-0.0261146457002943,0.2230619674534959,0.1666666666666666,0.0335195530726257,0.7058823529411765,0.4347826086956522,0.2941176470588235,0.8333333333333334,6.0,0.4,0.4,5.0,-1.1411397167330872,0.4327344677836042,-0.120616590933346,0.4440100701006138,0.1329411764705882,0.6666666666666666,0.0,0.5,,,,,,,,,92,90
quantile_regression_tau90_2022,48h,2022,1bc538582d22b2fe,quantile_regression_tau90,baseline,expanding,-0.2449711587079155,-0.0303180146658923,0.6190476190476191,0.1925465838509316,0.6326530612244898,0.5142857142857143,0.3673469387755102,0.8571428571428571,42.0,0.7777777777777778,1.3333333333333333,18.0,-1.1327710887151676,0.1294042978727869,-0.4105384382293587,0.2324791989571177,0.3943495619385604,0.6154761904761906,0.4568844984802431,0.7661266924564797,,,,,,,,,92,90
gradient_boosting_tau90_2022,48h,2022,1bc538582d22b2fe,gradient_boosting_tau90,baseline,expanding,0.4610132001858548,0.4797218161849816,0.5476190476190477,0.1118012422360248,0.5,0.631578947368421,0.5,0.8571428571428571,42.0,0.9444444444444444,1.3888888888888888,18.0,0.2284225287206626,0.5807039546327243,0.308205564210793,0.5770962244464292,0.5104891628554385,0.7313632729211087,0.3823665194700923,0.7113333333333334,,,,,,,,,92,90
quantile_regression_tau90_2023,48h,2023,c330caca3da1421a,quantile_regression_tau90,baseline,expanding,-0.8989509211450353,-0.0867130327204697,0.6935483870967742,0.3927392739273927,0.6685393258426966,0.4916666666666666,0.3314606741573033,0.9516129032258064,62.0,-0.04,1.24,25.0,-1.733596260528297,-0.3992612534289796,-0.3712282856355088,0.0862952727287183,0.409240465416936,0.556791569086651,0.5896825396825397,0.8000819672131149,,,,,,,,,92,90
gradient_boosting_tau90_2023,48h,2023,c330caca3da1421a,gradient_boosting_tau90,baseline,expanding,0.1383928167458862,0.3741785580467495,0.6129032258064516,0.2079207920792079,0.5431034482758621,0.5955056179775281,0.4568965517241379,0.8548387096774194,62.0,0.36,1.08,25.0,-0.1234565100354521,0.3320041816707508,0.2322252397873357,0.4786917983690744,0.5191647393702189,0.6667525773195877,0.5,0.7044227486128894,,,,,,,,,92,90
quantile_regression_tau90_holdout_final_2025,48h,2025,7b144ebf69c8a2b1,quantile_regression_tau90,baseline,holdout_final,-0.6990670716962903,-0.0438359995102923,0.3571428571428571,0.1903846153846153,0.7983870967741935,0.3289473684210526,0.2016129032258064,0.8928571428571429,28.0,0.1111111111111111,1.1111111111111112,18.0,-1.5094311387688897,-0.1915999337459757,-0.2948100327134257,0.1359738741321255,0.2271123814835471,0.4287005163511188,0.1764066496163683,0.5603939393939396,,,,,,,,,92,90
gradient_boosting_tau90_holdout_final_2025,48h,2025,7b144ebf69c8a2b1,gradient_boosting_tau90,baseline,holdout_final,0.0204645582538166,0.2980331992935302,0.3214285714285714,0.1269230769230769,0.7586206896551724,0.3652173913043478,0.2413793103448276,0.75,28.0,0.0555555555555555,0.8333333333333334,18.0,-0.3576086887035079,0.2405802142718867,0.1334066441566149,0.3920544044499784,0.2428791906027608,0.4688198678861788,0.1424107142857142,0.5,,,,,,,,,92,90
M1_s42_2017,48h,2017,7f0a669b025d93ab,M1,seq2seq_base,expanding,0.4410277237317124,0.4461908733234235,0.0,0.017910447761194,0.5,0.2926829268292683,0.5,0.2068965517241379,29.0,1.25,1.75,12.0,0.3085079736303024,0.5727135983564454,0.3565139915041784,0.5506793322070941,0.1290322580645161,0.4727511961722488,0.0,0.0,,,,,,,,,42,90
M1_s42_2018,48h,2018,8ad62967d79f3b7e,M1,seq2seq_base,expanding,0.1896973064174455,0.2791890577769733,0.0,0.0029239766081871,0.5,0.0833333333333333,0.5,0.0454545454545454,22.0,1.5333333333333334,1.933333333333333,15.0,0.0594380346858186,0.3024952084960099,0.1522281834291172,0.4258895673139135,0.0,0.2502717391304348,0.0,0.0,,,,,,,,,42,90
M1_s42_2019,48h,2019,56585379a96a28c8,M1,seq2seq_base,expanding,0.6071155056909736,0.5236580836221063,0.2093023255813953,0.0093167701863354,0.1111111111111111,0.6857142857142857,0.8888888888888888,0.5581395348837209,43.0,0.25,2.0,16.0,0.5320734529739667,0.6961233417426624,0.4432930196608423,0.6560122774648544,0.5542075996292863,0.8001492537313435,0.1019897959183673,0.3574248120300752,,,,,,,,,42,90
M1_s42_2020,48h,2020,24f685c1e3d2033f,M1,seq2seq_base,expanding,0.5543506813125132,0.5524420920605808,0.1489361702127659,0.0094637223974763,0.12,0.6111111111111112,0.88,0.4680851063829787,47.0,0.7,1.9,20.0,0.4331165666563772,0.6606839511132849,0.433561801090952,0.6531901412987663,0.4760504201680672,0.7250568181818182,0.0587418300653594,0.2561753614079196,,,,,,,,,42,90
M1_s42_2021,48h,2021,e4bcc5dcbb1d986a,M1,seq2seq_base,expanding,0.1585524225220144,0.2259257587068911,0.0,0.0,0.0,0.0,0.0,0.0,6.0,1.8,1.8,5.0,0.0948941067229502,0.2543266121563469,0.1028502779261278,0.445259716124852,0.0,0.0,0.0,0.0,,,,,,,,,42,90
M1_s42_2022,48h,2022,0702b455bad77946,M1,seq2seq_base,expanding,0.4674167508135289,0.3982079628392407,0.1428571428571428,0.0031055900621118,0.0434782608695652,0.6769230769230768,0.9565217391304348,0.5238095238095238,42.0,1.2777777777777777,1.9444444444444444,18.0,0.3223171595531005,0.6211780133809415,0.2491782683446319,0.5623942051003545,0.5396825396825397,0.7959363217427735,0.0487514518002322,0.280608695652174,,,,,,,,,42,90
M1_s42_2023,48h,2023,e6476d6bd4398e67,M1,seq2seq_base,expanding,0.3414046822865599,0.5065405764600062,0.2258064516129032,0.0363036303630363,0.2972972972972973,0.5252525252525253,0.7027027027027027,0.4193548387096774,62.0,0.8,1.44,25.0,0.1811318597399634,0.4953727024697205,0.3572214849520708,0.6431813734954862,0.3997938144329896,0.6141062493346109,0.1310831381733021,0.3286169956668272,,,,,,,,,42,90
M2_s42_2017,48h,2017,f59ac2a559a3b91e,M2,seq2seq_base,expanding,0.4893145954272441,0.6276884614920726,0.1724137931034483,0.0656716417910447,0.5789473684210527,0.4776119402985074,0.4210526315789473,0.5517241379310345,29.0,0.5833333333333334,1.4166666666666667,12.0,0.3031804132114888,0.6371679831014613,0.4861431838005876,0.7019655425246589,0.2949776453055142,0.5897540983606557,0.043391304347826,0.3333333333333333,,,,,,,,,42,90
M2_s42_2018,48h,2018,040ac0b440d7ab5b,M2,seq2seq_base,expanding,0.0800820396662939,0.4036988532888717,0.0909090909090909,0.043859649122807,0.7894736842105263,0.1951219512195122,0.2105263157894736,0.1818181818181818,22.0,1.0,1.8,15.0,-0.2028398650516268,0.2640862106025778,0.2765711119262248,0.4828581527788145,0.0,0.3590909090909091,0.0,0.2312500000000001,,,,,,,,,42,90
M2_s42_2019,48h,2019,9f48202a62377126,M2,seq2seq_base,expanding,0.5947704344666538,0.6125105043057587,0.4883720930232558,0.0993788819875776,0.463768115942029,0.6607142857142858,0.5362318840579711,0.8604651162790697,43.0,0.25,1.5,16.0,0.387616259857364,0.6851198816066282,0.4980965523878204,0.6756146544280385,0.5660421766145736,0.7415471176625429,0.3655614837398374,0.6283204134366926,,,,,,,,,42,90
M2_s42_2020,48h,2020,5988bfd8a4b976ab,M2,seq2seq_base,expanding,0.4305110534460428,0.6038853464397236,0.4468085106382978,0.0725552050473186,0.3709677419354839,0.7155963302752293,0.6290322580645161,0.8297872340425532,47.0,-0.1,1.1,20.0,0.1716711228367786,0.6233693026442907,0.4528094430572907,0.680421316593735,0.6279139355941864,0.7962135922330098,0.3043478260869565,0.5836309523809525,,,,,,,,,42,90
M2_s42_2021,48h,2021,d823d74fbed5af3f,M2,seq2seq_base,expanding,0.2693196670811982,0.5609920631636935,0.0,0.0195530726256983,0.5833333333333334,0.5555555555555556,0.4166666666666667,0.8333333333333334,6.0,0.8,0.8,5.0,-0.4017310327369736,0.5700450211094684,0.3371154636805608,0.6629966125781609,0.1814393939393939,0.8239938080495357,0.0,0.0,,,,,,,,,42,90
M2_s42_2022,48h,2022,e5aa1d5884bc7cc0,M2,seq2seq_base,expanding,0.5836742573285963,0.7036028990900645,0.5714285714285714,0.0590062111801242,0.38,0.6739130434782609,0.62,0.7380952380952381,42.0,1.2777777777777777,1.2777777777777777,18.0,0.4304222405785635,0.687783450406332,0.5897287265893795,0.7644784633386581,0.5452590420332355,0.7580963045912654,0.4250126646403242,0.7272727272727273,,,,,,,,,42,90
M2_s42_2023,48h,2023,9e4d3121fa0c5d0a,M2,seq2seq_base,expanding,-0.3869073243929128,0.2935971282955025,0.532258064516129,0.1782178217821782,0.5046728971962616,0.6272189349112426,0.4953271028037383,0.8548387096774194,62.0,0.28,1.24,25.0,-1.0639497766579231,0.06858110557902,0.0517716873816307,0.4685152954953448,0.5475340136054421,0.7017700501253131,0.415488922841864,0.6483237547892721,,,,,,,,,42,90
M5_s42_2017,48h,2017,bf9b410d2c482b74,M5,seq2seq_rf,expanding,0.1122288491233091,0.3144374591075054,0.3793103448275862,0.0985074626865671,0.6346153846153846,0.4691358024691357,0.3653846153846153,0.6551724137931034,29.0,0.25,1.4166666666666667,12.0,-0.2256250206650019,0.3299697747397304,0.1169856775560682,0.4653137410353657,0.3419863665187063,0.5953571428571429,0.2,0.5652536231884058,,,,,,,,,42,90
quantile_regression_s42_2017,48h,2017,bf9b410d2c482b74,quantile_regression,baseline,expanding,0.5063862227828815,0.5865436458902307,0.0,0.0328358208955223,0.6111111111111112,0.2978723404255319,0.3888888888888889,0.2413793103448276,29.0,0.5833333333333334,1.5833333333333333,12.0,0.4206175052843193,0.5812120529026502,0.5018098643008363,0.6588742814240511,0.1360795454545454,0.4615384615384615,0.0,0.0,,,,,,,,,42,90
gradient_boosting_quantile_s42_2017,48h,2017,bf9b410d2c482b74,gradient_boosting_quantile,baseline,expanding,0.5654326613817554,0.5425814282361352,0.0,0.0208955223880597,0.5,0.3255813953488372,0.5,0.2413793103448276,29.0,-0.3333333333333333,1.3333333333333333,12.0,0.4942361991506991,0.6347235055674523,0.4617575500908349,0.6495381792285159,0.1459437963944856,0.5006578947368423,0.0,0.0,,,,,,,,,42,90
quantile_regression_tau90_s42_2017,48h,2017,bf9b410d2c482b74,quantile_regression_tau90,baseline,expanding,-0.3887437239754594,-0.0301268182865099,0.4482758620689655,0.1582089552238806,0.6708860759493671,0.4814814814814815,0.3291139240506329,0.896551724137931,29.0,0.3333333333333333,1.5,12.0,-0.9490763598128048,-0.0363296095564747,-0.310908975758993,0.1746591751597954,0.3582239540607055,0.5932203389830508,0.2758620689655172,0.6153846153846154,,,,,,,,,42,90
gradient_boosting_tau90_s42_2017,48h,2017,bf9b410d2c482b74,gradient_boosting_tau90,baseline,expanding,0.3437173488844871,0.4312297810649507,0.3103448275862069,0.0835820895522388,0.5833333333333334,0.5194805194805195,0.4166666666666667,0.6896551724137931,29.0,1.0,1.1666666666666667,12.0,0.042647346624044,0.5332619770670068,0.2349354917511604,0.5572202949009311,0.3581578409323246,0.64125,0.1478927203065134,0.4815134099616858,,,,,,,,,42,90
heuristic_ensemble_s42_2017,48h,2017,bf9b410d2c482b74,heuristic_ensemble,baseline,expanding,0.2234883708487686,0.2709864090069117,0.3448275862068966,0.1074626865671641,0.631578947368421,0.4883720930232558,0.3684210526315789,0.7241379310344828,29.0,0.25,1.25,12.0,-0.0865199104078206,0.413557172604668,0.0536372231246055,0.3904979043470284,0.3419941900205058,0.6002777777777778,0.1785714285714285,0.5386363636363637,,,,,,,,,42,90
M5_s42_2018,48h,2018,54962236e1bdd934,M5,seq2seq_rf,expanding,-0.2506005766376449,0.2344790288667096,0.4090909090909091,0.087719298245614,0.6666666666666666,0.4477611940298507,0.3333333333333333,0.6818181818181818,22.0,0.6,1.0,15.0,-0.897648405576793,0.2380335729598221,-0.0011180744275464,0.4343124237469991,0.3102133255406196,0.6000684931506849,0.2,0.6190476190476191,,,,,,,,,42,90
quantile_regression_s42_2018,48h,2018,54962236e1bdd934,quantile_regression,baseline,expanding,0.3495026408332515,0.4099619864210335,0.0454545454545454,0.0029239766081871,0.25,0.2307692307692307,0.75,0.1363636363636363,22.0,1.0,1.6666666666666667,15.0,0.2538105774755617,0.4432966661134997,0.3180619653389924,0.5114059590740392,0.0,0.4446969696969697,0.0,0.1538461538461538,,,,,,,,,42,90
gradient_boosting_quantile_s42_2018,48h,2018,54962236e1bdd934,gradient_boosting_quantile,baseline,expanding,0.4181528339152758,0.4355044612080371,0.0,0.0,0.0,0.1666666666666666,1.0,0.0909090909090909,22.0,1.2666666666666666,1.4,15.0,0.3319966481888218,0.4987575381347828,0.3375026822805909,0.5349604532170599,0.0,0.3756250000000001,0.0,0.0,,,,,,,,,42,90
quantile_regression_tau90_s42_2018,48h,2018,54962236e1bdd934,quantile_regression_tau90,baseline,expanding,-0.958496602247212,-0.1916910402036917,0.5,0.1871345029239766,0.7804878048780488,0.3461538461538461,0.2195121951219512,0.8181818181818182,22.0,0.2,1.1333333333333333,15.0,-1.860054110056564,-0.3059216799705325,-0.4440651652502256,0.0146042069808078,0.2245228103424935,0.4588548492791612,0.3,0.6878125,,,,,,,,,42,90
gradient_boosting_tau90_s42_2018,48h,2018,54962236e1bdd934,gradient_boosting_tau90,baseline,expanding,0.0804887333483354,0.3321524308575444,0.2272727272727272,0.0497076023391812,0.5666666666666667,0.5,0.4333333333333333,0.5909090909090909,22.0,0.6,1.0,15.0,-0.3960722893003688,0.3471980559582517,0.1511300136931274,0.4615257248048603,0.3224706744868035,0.6569651741293533,0.0554824561403508,0.4402500000000001,,,,,,,,,42,90
heuristic_ensemble_s42_2018,48h,2018,54962236e1bdd934,heuristic_ensemble,baseline,expanding,-0.0192051810452591,0.3124948545938103,0.4090909090909091,0.0789473684210526,0.6585365853658537,0.4444444444444445,0.3414634146341463,0.6363636363636364,22.0,0.8,1.2,15.0,-0.4619440633460377,0.3609113775868061,0.1191526922666229,0.4693106084804497,0.3016312893081761,0.596578947368421,0.2497023809523809,0.6251157407407407,,,,,,,,,42,90
M5_s42_2019,48h,2019,836093538b18ddd1,M5,seq2seq_rf,expanding,0.2919753721368473,0.4613747623805539,0.3255813953488372,0.1118012422360248,0.5538461538461539,0.537037037037037,0.4461538461538462,0.6744186046511628,43.0,-0.9375,1.6875,16.0,0.1229781977304956,0.3882884536838172,0.3737114141558967,0.5302063193816752,0.4174689440993788,0.6355352591333899,0.194895065229722,0.4886627906976745,,,,,,,,,42,90
quantile_regression_s42_2019,48h,2019,836093538b18ddd1,quantile_regression,baseline,expanding,0.4260728053110544,0.4360504495801485,0.0232558139534883,0.0341614906832298,0.4782608695652174,0.3636363636363636,0.5217391304347826,0.2790697674418604,43.0,0.375,1.5,16.0,0.3454596168611101,0.5452191320295476,0.3349089682079008,0.5974850208928493,0.2153846153846154,0.486653091447612,0.0,0.0769230769230769,,,,,,,,,42,90
gradient_boosting_quantile_s42_2019,48h,2019,836093538b18ddd1,gradient_boosting_quantile,baseline,expanding,0.4539006090580203,0.3993514693058977,0.0465116279069767,0.031055900621118,0.3448275862068966,0.5277777777777777,0.6551724137931034,0.4418604651162791,43.0,0.375,1.5,16.0,0.3891875321408583,0.5687877334166722,0.3087595970472407,0.5402119399001768,0.3926742685025818,0.6751462765957448,0.0,0.1071669884169884,,,,,,,,,42,90
quantile_regression_tau90_s42_2019,48h,2019,836093538b18ddd1,quantile_regression_tau90,baseline,expanding,-0.377866061384136,0.0287515515003544,0.5813953488372093,0.2577639751552795,0.664,0.5,0.336,0.9767441860465116,43.0,0.125,1.25,16.0,-1.28242525121067,0.0294972800569694,-0.2583361903147207,0.2235472615394182,0.4025974025974026,0.5874494949494949,0.4704514363885089,0.7320043777360851,,,,,,,,,42,90
gradient_boosting_tau90_s42_2019,48h,2019,836093538b18ddd1,gradient_boosting_tau90,baseline,expanding,0.3537160733443277,0.456525185429347,0.3720930232558139,0.1459627329192546,0.5662650602409639,0.5714285714285715,0.4337349397590361,0.8372093023255814,43.0,0.5625,1.6875,16.0,0.1331557168883846,0.4777902455186152,0.3499926584405906,0.5380654799196642,0.4714227642276423,0.6542738249539531,0.2261894995898277,0.5111240310077519,,,,,,,,,42,90
heuristic_ensemble_s42_2019,48h,2019,836093538b18ddd1,heuristic_ensemble,baseline,expanding,0.4867263420369706,0.5362857161492867,0.3488372093023256,0.1118012422360248,0.5142857142857142,0.6017699115044247,0.4857142857142857,0.7906976744186046,43.0,0.25,1.5,16.0,0.3184866686309237,0.580548877704721,0.4467379986500112,0.600189007383434,0.505257841573631,0.6936254077564336,0.2161679536679537,0.4878190584231424,,,,,,,,,42,90
M5_s42_2020,48h,2020,b3760c96631be610,M5,seq2seq_rf,expanding,0.1524303726822334,0.3490522301773446,0.5957446808510638,0.0977917981072555,0.4428571428571428,0.6666666666666667,0.5571428571428572,0.8297872340425532,47.0,-0.25,1.35,20.0,-0.2272993329434383,0.4457316510363529,0.1609728465990562,0.4826092749191316,0.5688028422378125,0.7548145738451528,0.4782361660079051,0.720125,,,,,,,,,42,90
quantile_regression_s42_2020,48h,2020,b3760c96631be610,quantile_regression,baseline,expanding,0.4813580191658084,0.4789563756201156,0.0425531914893617,0.0157728706624605,0.3125,0.3492063492063492,0.6875,0.2340425531914893,47.0,0.8,1.6,20.0,0.4079332477173207,0.5767205467701197,0.4001625775575348,0.5760725599270521,0.1753383458646616,0.4929347826086957,0.0,0.1027173913043478,,,,,,,,,42,90
gradient_boosting_quantile_s42_2020,48h,2020,b3760c96631be610,gradient_boosting_quantile,baseline,expanding,0.5979620210009323,0.5550369460722235,0.0851063829787234,0.0063091482649842,0.0869565217391304,0.6,0.9130434782608696,0.4468085106382978,47.0,0.6,1.5,20.0,0.5202288824492874,0.6879914890530978,0.4719887958286997,0.647604217700352,0.4373468137254903,0.722348484848485,0.0208227040816326,0.1571078431372549,,,,,,,,,42,90
quantile_regression_tau90_s42_2020,48h,2020,b3760c96631be610,quantile_regression_tau90,baseline,expanding,-0.5075717688935137,-0.083543047053566,0.6170212765957447,0.1924290220820189,0.5922330097087378,0.5599999999999999,0.4077669902912621,0.8936170212765957,47.0,0.55,1.35,20.0,-1.0100037059416296,-0.1626232337791768,-0.2964023636296548,0.0764958369093006,0.4587026344280043,0.6400714285714286,0.4790056818181818,0.7708333333333334,,,,,,,,,42,90
gradient_boosting_tau90_s42_2020,48h,2020,b3760c96631be610,gradient_boosting_tau90,baseline,expanding,0.332451186231073,0.3784447524661399,0.6595744680851063,0.0946372239747634,0.4225352112676056,0.6949152542372881,0.5774647887323944,0.8723404255319149,47.0,0.1,1.6,20.0,0.1030063354677217,0.4785309895498693,0.2335710024963712,0.4705871848049307,0.5821768513230533,0.7732937077269932,0.5221590909090909,0.7895285087719298,,,,,,,,,42,90
heuristic_ensemble_s42_2020,48h,2020,b3760c96631be610,heuristic_ensemble,baseline,expanding,0.0738850514548095,0.2906135028598436,0.574468085106383,0.0977917981072555,0.4305555555555556,0.6890756302521008,0.5694444444444444,0.8723404255319149,47.0,-0.2,1.3,20.0,-0.3626432291335134,0.3833464261151043,0.0890477179697574,0.4366191509877976,0.5904683840749414,0.7816493850976609,0.4499202127659574,0.7111904761904763,,,,,,,,,42,90
M5_s42_2021,48h,2021,090585ffe9f8c9ed,M5,seq2seq_rf,expanding,0.0290714807750402,0.3029224201891084,0.3333333333333333,0.0307262569832402,0.6470588235294118,0.5217391304347826,0.3529411764705882,1.0,6.0,0.4,0.4,5.0,-0.9936814187691276,0.5083569970785929,-0.021084755639346,0.5389383024923664,0.173731884057971,0.7499999999999999,0.0,0.8008333333333336,,,,,,,,,42,90
quantile_regression_s42_2021,48h,2021,090585ffe9f8c9ed,quantile_regression,baseline,expanding,0.2806195766465648,0.3464456774853395,0.0,0.0027932960893854,1.0,0.0,0.0,0.0,6.0,1.8,1.8,5.0,0.1734995578876365,0.3515189987262098,0.2516974492927157,0.5049652896834985,0.0,0.0,0.0,0.0,,,,,,,,,42,90
gradient_boosting_quantile_s42_2021,48h,2021,090585ffe9f8c9ed,gradient_boosting_quantile,baseline,expanding,0.3601886884523317,0.3704984677539871,0.0,0.0,0.0,0.0,0.0,0.0,6.0,0.4,0.4,5.0,0.2910732180362607,0.4610284049572092,0.2663357263153287,0.539694124687858,0.0,0.0,0.0,0.0,,,,,,,,,42,90
quantile_regression_tau90_s42_2021,48h,2021,090585ffe9f8c9ed,quantile_regression_tau90,baseline,expanding,-0.7720839899859546,-0.3680651919846056,0.0,0.0586592178770949,0.7777777777777778,0.3636363636363636,0.2222222222222222,1.0,6.0,0.2,0.6,5.0,-2.6607475690097178,-0.0686148667591906,-0.826137221330758,-0.0688644322805394,0.1140601503759398,0.5405405405405406,0.0,0.0,,,,,,,,,42,90
gradient_boosting_tau90_s42_2021,48h,2021,090585ffe9f8c9ed,gradient_boosting_tau90,baseline,expanding,-0.0261146457002943,0.2230619674534959,0.1666666666666666,0.0335195530726257,0.7058823529411765,0.4347826086956522,0.2941176470588235,0.8333333333333334,6.0,0.4,0.4,5.0,-1.1411397167330872,0.4327344677836042,-0.120616590933346,0.4440100701006138,0.1329411764705882,0.6666666666666666,0.0,0.5,,,,,,,,,42,90
heuristic_ensemble_s42_2021,48h,2021,090585ffe9f8c9ed,heuristic_ensemble,baseline,expanding,-0.021556660509713,0.1680392853578588,0.3333333333333333,0.0251396648044692,0.6428571428571429,0.5,0.3571428571428571,0.8333333333333334,6.0,0.0,0.4,5.0,-1.0482544361952555,0.4548939482695316,-0.1266293005736239,0.4045931148398453,0.1426190476190476,0.7333333333333334,0.0,0.8008333333333336,,,,,,,,,42,90
M5_s42_2022,48h,2022,2991e4b1c9c55015,M5,seq2seq_rf,expanding,0.4685399568276751,0.6175803278356434,0.5476190476190477,0.1055900621118012,0.5230769230769231,0.5794392523364486,0.4769230769230769,0.7380952380952381,42.0,1.7222222222222223,1.7222222222222223,18.0,0.1940705531760158,0.5788900622239946,0.4408625163173793,0.6849682757199582,0.4300691244239631,0.6834768907563026,0.3870967741935484,0.7087500000000001,,,,,,,,,42,90
quantile_regression_s42_2022,48h,2022,2991e4b1c9c55015,quantile_regression,baseline,expanding,0.3372787173148878,0.3742136026360793,0.119047619047619,0.0496894409937888,0.4705882352941176,0.4736842105263158,0.5294117647058824,0.4285714285714285,42.0,1.4444444444444444,1.6666666666666667,18.0,0.2100045267692415,0.4737998143009277,0.2503676551266715,0.5256689756768506,0.3235294117647059,0.6001162790697675,0.0199901960784313,0.2273051948051948,,,,,,,,,42,90
gradient_boosting_quantile_s42_2022,48h,2022,2991e4b1c9c55015,gradient_boosting_quantile,baseline,expanding,0.4098332698849135,0.353214753145698,0.0952380952380952,0.0186335403726708,0.2,0.6666666666666666,0.8,0.5714285714285714,42.0,1.0,1.8888888888888888,18.0,0.3081056584712653,0.528734136194386,0.2318381194456511,0.515403421968816,0.534907908992416,0.7907415533128566,0.0,0.2,,,,,,,,,42,90
quantile_regression_tau90_s42_2022,48h,2022,2991e4b1c9c55015,quantile_regression_tau90,baseline,expanding,-0.2449711587079155,-0.0303180146658923,0.6190476190476191,0.1925465838509316,0.6326530612244898,0.5142857142857143,0.3673469387755102,0.8571428571428571,42.0,0.7777777777777778,1.3333333333333333,18.0,-1.1327710887151676,0.1294042978727869,-0.4105384382293587,0.2324791989571177,0.3943495619385604,0.6154761904761906,0.4568844984802431,0.7661266924564797,,,,,,,,,42,90
gradient_boosting_tau90_s42_2022,48h,2022,2991e4b1c9c55015,gradient_boosting_tau90,baseline,expanding,0.4610132001858548,0.4797218161849816,0.5476190476190477,0.1118012422360248,0.5,0.631578947368421,0.5,0.8571428571428571,42.0,0.9444444444444444,1.3888888888888888,18.0,0.2284225287206626,0.5807039546327243,0.308205564210793,0.5770962244464292,0.5104891628554385,0.7313632729211087,0.3823665194700923,0.7113333333333334,,,,,,,,,42,90
heuristic_ensemble_s42_2022,48h,2022,2991e4b1c9c55015,heuristic_ensemble,baseline,expanding,0.5031074295064072,0.5558474205189863,0.5714285714285714,0.0993788819875776,0.4923076923076923,0.6168224299065421,0.5076923076923077,0.7857142857142857,42.0,1.6666666666666667,1.6666666666666667,18.0,0.2697182151677093,0.6102791835278109,0.3830472288434182,0.6380938635994496,0.4691191191191192,0.7134860921112632,0.4217857142857143,0.7250568181818182,,,,,,,,,42,90
M5_s42_2023,48h,2023,f03ca2d7b17504e8,M5,seq2seq_rf,expanding,-0.5531032221668084,0.1671310875812838,0.5645161290322581,0.2244224422442244,0.5811965811965812,0.547486033519553,0.4188034188034188,0.7903225806451613,62.0,0.72,1.36,25.0,-1.3350834888632614,-0.076517010898937,-0.0937883060242348,0.3310319595849285,0.463141447368421,0.6210542661000328,0.440645865434001,0.6724574984820887,,,,,,,,,42,90
quantile_regression_s42_2023,48h,2023,f03ca2d7b17504e8,quantile_regression,baseline,expanding,0.3590356410110737,0.4140463023075438,0.0806451612903225,0.0231023102310231,0.3043478260869565,0.3764705882352941,0.6956521739130435,0.2580645161290322,62.0,0.72,1.6,25.0,0.2672155569083504,0.4569931422981843,0.3076162658803726,0.5212941998495487,0.2322997416020671,0.4875,0.0192129629629629,0.1515408320493066,,,,,,,,,42,90
gradient_boosting_quantile_s42_2023,48h,2023,f03ca2d7b17504e8,gradient_boosting_quantile,baseline,expanding,0.4013747049271231,0.4315627878524967,0.0483870967741935,0.0396039603960396,0.4137931034482758,0.3736263736263736,0.5862068965517241,0.2741935483870967,62.0,0.64,1.28,25.0,0.3012036107885689,0.505066857180235,0.3205682288534207,0.5354390840623313,0.2629892037786774,0.4843274853801169,0.0,0.1111904761904762,,,,,,,,,42,90
quantile_regression_tau90_s42_2023,48h,2023,f03ca2d7b17504e8,quantile_regression_tau90,baseline,expanding,-0.8989509211450353,-0.0867130327204697,0.6935483870967742,0.3927392739273927,0.6685393258426966,0.4916666666666666,0.3314606741573033,0.9516129032258064,62.0,-0.04,1.24,25.0,-1.733596260528297,-0.3992612534289796,-0.3712282856355088,0.0862952727287183,0.409240465416936,0.556791569086651,0.5896825396825397,0.8000819672131149,,,,,,,,,42,90
gradient_boosting_tau90_s42_2023,48h,2023,f03ca2d7b17504e8,gradient_boosting_tau90,baseline,expanding,0.1383928167458862,0.3741785580467495,0.6129032258064516,0.2079207920792079,0.5431034482758621,0.5955056179775281,0.4568965517241379,0.8548387096774194,62.0,0.36,1.08,25.0,-0.1234565100354521,0.3320041816707508,0.2322252397873357,0.4786917983690744,0.5191647393702189,0.6667525773195877,0.5,0.7044227486128894,,,,,,,,,42,90
heuristic_ensemble_s42_2023,48h,2023,f03ca2d7b17504e8,heuristic_ensemble,baseline,expanding,-0.7531287190414659,0.0848650591821562,0.5645161290322581,0.2409240924092409,0.5793650793650794,0.5638297872340426,0.4206349206349206,0.8548387096774194,62.0,0.44,1.32,25.0,-1.6676013569541084,-0.209007489787476,-0.2051016506525925,0.2582047855081569,0.4909376369212795,0.6300254010695188,0.4403753026634383,0.6863051470588235,,,,,,,,,42,90
M1_holdout_final_s42,48h,2025,ecd9d08efc12e9a5,M1,seq2seq_base,holdout_final,0.3625633979735209,0.3832310400148163,0.0,0.0,0.0,0.1935483870967741,1.0,0.1071428571428571,28.0,0.8888888888888888,1.5555555555555556,18.0,0.2360543687867485,0.4795472228903845,0.293003160721139,0.4786772439568307,0.0,0.3642228739002933,0.0,0.0,,,,,,,,,42,90
M2_holdout_final_s42,48h,2025,32df2be0f6d2f396,M2,seq2seq_base,holdout_final,0.4460308573552586,0.6089640382342583,0.1428571428571428,0.0192307692307692,0.4545454545454545,0.4799999999999999,0.5454545454545454,0.4285714285714285,28.0,0.6111111111111112,0.9444444444444444,18.0,0.2931626911394896,0.5568457348166309,0.5178806281932938,0.68046672499401,0.3097163120567376,0.6333730158730159,0.0399259259259259,0.2862637362637363,,,,,,,,,42,90
M5_holdout_final_s42,48h,2025,3d058ec951d883e2,M5,seq2seq_rf,holdout_final,0.2116706898132025,0.3978449166188744,0.3214285714285714,0.0903846153846153,0.7230769230769231,0.3870967741935484,0.2769230769230769,0.6428571428571429,28.0,0.6111111111111112,1.0555555555555556,18.0,-0.0691641955128631,0.36824408832591,0.2777311421017908,0.4821926179235072,0.2499297752808988,0.5102396772662554,0.1784549689440993,0.5,,,,,,,,,42,90
M1_s123_2017,48h,2017,a8263ac83cb5eda8,M1,seq2seq_base,expanding,0.3606137329841887,0.3902383611302483,0.0344827586206896,0.0149253731343283,0.4166666666666667,0.3414634146341463,0.5833333333333334,0.2413793103448276,29.0,1.6666666666666667,2.0,12.0,0.2260678246294924,0.4663208964529686,0.2864496704016828,0.4964060162605962,0.1498214285714285,0.5334615384615384,0.0,0.103639846743295,,,,,,,,,123,90
M1_s123_2018,48h,2018,71f2b0800ebc9408,M1,seq2seq_base,expanding,0.1309411578744483,0.243361804368013,0.0,0.0058479532163742,0.6666666666666666,0.08,0.3333333333333333,0.0454545454545454,22.0,2.0,2.0,15.0,-0.0181606164336641,0.2431243006715471,0.1185543250398917,0.3809780217368858,0.0,0.231,0.0,0.0,,,,,,,,,123,90
M1_s123_2019,48h,2019,161d09cbef88deab,M1,seq2seq_base,expanding,0.6271492673407264,0.5522429760303504,0.2093023255813953,0.0093167701863354,0.1071428571428571,0.7042253521126761,0.8928571428571429,0.5813953488372093,43.0,0.6875,2.0625,16.0,0.5466750898224026,0.7126794982451782,0.475346841329115,0.668798939356225,0.5848342714196373,0.8219948630136986,0.0888095238095238,0.3430357142857143,,,,,,,,,123,90
M1_s123_2020,48h,2020,3cc201ad8137a965,M1,seq2seq_base,expanding,0.5515864608449191,0.5425755069607412,0.1276595744680851,0.0094637223974763,0.1153846153846153,0.6301369863013698,0.8846153846153846,0.4893617021276595,47.0,0.95,1.75,20.0,0.4290039460163041,0.6641113856981268,0.4242639980327581,0.6460356328056079,0.4903986609860012,0.7325776577271851,0.0425531914893617,0.2227642276422765,,,,,,,,,123,90
M1_s123_2021,48h,2021,2694c5c2d9172c53,M1,seq2seq_base,expanding,0.2097888930772814,0.2971813599404298,0.0,0.0027932960893854,1.0,0.0,0.0,0.0,6.0,1.6,1.6,5.0,0.103087870560837,0.2882101765580883,0.1887861997100732,0.4725879985299823,0.0,0.0,0.0,0.0,,,,,,,,,123,90
M1_s123_2022,48h,2022,0ec3852fb38b7d4d,M1,seq2seq_base,expanding,0.4877167223341268,0.4418765491717255,0.0952380952380952,0.0186335403726708,0.2068965517241379,0.647887323943662,0.7931034482758621,0.5476190476190477,42.0,1.6111111111111112,1.9444444444444444,18.0,0.3455239401348598,0.6299358001228441,0.293279831860107,0.5980365550551019,0.4934975982921188,0.7657080610021787,0.0207446808510638,0.2045600233100233,,,,,,,,,123,90
M1_s123_2023,48h,2023,42899be44fa5f79f,M1,seq2seq_base,expanding,0.2078125033327649,0.4801505349067725,0.2419354838709677,0.0396039603960396,0.2857142857142857,0.5769230769230769,0.7142857142857143,0.4838709677419355,62.0,0.88,1.6,25.0,-0.010266848829464,0.4081881942564518,0.335892283717371,0.6006550925602212,0.4758241758241758,0.6727458256029685,0.1403036437246963,0.3485690235690236,,,,,,,,,123,90
M2_s123_2017,48h,2017,d6da15f5c88f80a4,M2,seq2seq_base,expanding,0.4542352459982463,0.5849535969721804,0.0689655172413793,0.0328358208955223,0.5238095238095238,0.3999999999999999,0.4761904761904761,0.3448275862068966,29.0,1.1666666666666667,1.6666666666666667,12.0,0.2936234204929435,0.5867524727176542,0.491581606463666,0.6661275427914173,0.2140567765567765,0.5507496251874062,0.0,0.1818181818181818,,,,,,,,,123,90
M2_s123_2018,48h,2018,050e2be22e305121,M2,seq2seq_base,expanding,0.0319527454823493,0.3244523560324444,0.0454545454545454,0.023391812865497,0.8,0.125,0.2,0.0909090909090909,22.0,2.066666666666667,2.066666666666667,15.0,-0.1981460245728792,0.1732943047159147,0.1998388479784651,0.4232060462239789,0.0,0.296701388888889,0.0,0.1430357142857143,,,,,,,,,123,90
M2_s123_2019,48h,2019,d52e00d3aadae647,M2,seq2seq_base,expanding,0.5903522357125093,0.6933298397469672,0.4651162790697674,0.0683229813664596,0.3793103448275862,0.7128712871287128,0.6206896551724138,0.8372093023255814,43.0,0.625,1.5,16.0,0.386508305682394,0.6906427220267628,0.5802265832945126,0.7586258506500437,0.6039139851485149,0.8113502358490565,0.3468018914883026,0.6111742424242425,,,,,,,,,123,90
M2_s123_2020,48h,2020,9f089fc770046a89,M2,seq2seq_base,expanding,0.3747472451916174,0.5493316183604291,0.4042553191489361,0.0504731861198738,0.32,0.7010309278350516,0.68,0.723404255319149,47.0,1.1,1.8,20.0,0.2175250297647478,0.5264101915924656,0.4552918329061386,0.6256681839574545,0.5881127450980392,0.8085681426106958,0.2744178921568628,0.5418154761904762,,,,,,,,,123,90
M2_s123_2021,48h,2021,85b799f8d4143364,M2,seq2seq_base,expanding,0.2118441044298705,0.5553664406720236,0.1666666666666666,0.0195530726256983,0.5833333333333334,0.5555555555555556,0.4166666666666667,0.8333333333333334,6.0,0.6,1.0,5.0,-0.4693646280729058,0.5395797335563907,0.3227661070781201,0.665760477979887,0.1814393939393939,0.8239938080495357,0.0,0.6,,,,,,,,,123,90
M2_s123_2022,48h,2022,50d274f0b17fd567,M2,seq2seq_base,expanding,0.5426199546328883,0.6801658299953456,0.4285714285714285,0.062111801242236,0.4,0.6521739130434783,0.6,0.7142857142857143,42.0,1.3333333333333333,1.4444444444444444,18.0,0.3719365882003838,0.6657999335752683,0.549586042906199,0.7633707688011377,0.5061708860759493,0.7522653721682848,0.2999324324324324,0.5854056203605514,,,,,,,,,123,90
M2_s123_2023,48h,2023,0d019bd35210b69c,M2,seq2seq_base,expanding,-0.0341711248554532,0.4012148182728245,0.4516129032258064,0.1452145214521452,0.5,0.5866666666666667,0.5,0.7096774193548387,62.0,0.8,1.44,25.0,-0.3932269859209914,0.2133501548831016,0.2450098854810035,0.504640541056002,0.5118731003039513,0.6709767651703136,0.3508354218880534,0.5591972034715527,,,,,,,,,123,90
M5_s123_2017,48h,2017,f641a53f398c0fa6,M5,seq2seq_rf,expanding,0.2966024112551697,0.3358290954199755,0.3448275862068966,0.0985074626865671,0.6111111111111112,0.5060240963855421,0.3888888888888889,0.7241379310344828,29.0,0.0,1.3333333333333333,12.0,-0.0394623414527767,0.4811188329986261,0.1276509538299158,0.451480354014653,0.3427963525835867,0.6304549902152642,0.1991666666666667,0.5458181818181819,,,,,,,,,123,90
quantile_regression_s123_2017,48h,2017,f641a53f398c0fa6,quantile_regression,baseline,expanding,0.5063862227828815,0.5865436458902307,0.0,0.0328358208955223,0.6111111111111112,0.2978723404255319,0.3888888888888889,0.2413793103448276,29.0,0.5833333333333334,1.5833333333333333,12.0,0.4206175052843193,0.5812120529026502,0.5018098643008363,0.6588742814240511,0.1360795454545454,0.4615384615384615,0.0,0.0,,,,,,,,,123,90
gradient_boosting_quantile_s123_2017,48h,2017,f641a53f398c0fa6,gradient_boosting_quantile,baseline,expanding,0.5654326613817554,0.5425814282361352,0.0,0.0208955223880597,0.5,0.3255813953488372,0.5,0.2413793103448276,29.0,-0.3333333333333333,1.3333333333333333,12.0,0.4942361991506991,0.6347235055674523,0.4617575500908349,0.6495381792285159,0.1459437963944856,0.5006578947368423,0.0,0.0,,,,,,,,,123,90
quantile_regression_tau90_s123_2017,48h,2017,f641a53f398c0fa6,quantile_regression_tau90,baseline,expanding,-0.3887437239754594,-0.0301268182865099,0.4482758620689655,0.1582089552238806,0.6708860759493671,0.4814814814814815,0.3291139240506329,0.896551724137931,29.0,0.3333333333333333,1.5,12.0,-0.9490763598128048,-0.0363296095564747,-0.310908975758993,0.1746591751597954,0.3582239540607055,0.5932203389830508,0.2758620689655172,0.6153846153846154,,,,,,,,,123,90
gradient_boosting_tau90_s123_2017,48h,2017,f641a53f398c0fa6,gradient_boosting_tau90,baseline,expanding,0.3437173488844871,0.4312297810649507,0.3103448275862069,0.0835820895522388,0.5833333333333334,0.5194805194805195,0.4166666666666667,0.6896551724137931,29.0,1.0,1.1666666666666667,12.0,0.042647346624044,0.5332619770670068,0.2349354917511604,0.5572202949009311,0.3581578409323246,0.64125,0.1478927203065134,0.4815134099616858,,,,,,,,,123,90
heuristic_ensemble_s123_2017,48h,2017,f641a53f398c0fa6,heuristic_ensemble,baseline,expanding,0.1003600221947352,0.1306691191659842,0.3793103448275862,0.1194029850746268,0.625,0.5161290322580646,0.375,0.8275862068965517,29.0,-0.0833333333333333,1.5833333333333333,12.0,-0.2502316279888215,0.3218653123977542,-0.0865258431658335,0.2691577792015119,0.3720930232558139,0.6373679703111619,0.2169565217391304,0.5716589861751152,,,,,,,,,123,90
M5_s123_2018,48h,2018,a97a6f3a59539d1f,M5,seq2seq_rf,expanding,-1.2222337064227644,-0.270212589954919,0.7727272727272727,0.1461988304093567,0.746268656716418,0.3820224719101123,0.2537313432835821,0.7727272727272727,22.0,-0.0666666666666666,1.2666666666666666,15.0,-2.2954694277581,-0.3966768085465914,-0.5890216943197194,-0.0492133891764536,0.2558139534883721,0.5138040291308049,0.6108333333333333,0.933529411764706,,,,,,,,,123,90
quantile_regression_s123_2018,48h,2018,a97a6f3a59539d1f,quantile_regression,baseline,expanding,0.3495026408332515,0.4099619864210335,0.0454545454545454,0.0029239766081871,0.25,0.2307692307692307,0.75,0.1363636363636363,22.0,1.0,1.6666666666666667,15.0,0.2538105774755617,0.4432966661134997,0.3180619653389924,0.5114059590740392,0.0,0.4446969696969697,0.0,0.1538461538461538,,,,,,,,,123,90
gradient_boosting_quantile_s123_2018,48h,2018,a97a6f3a59539d1f,gradient_boosting_quantile,baseline,expanding,0.4181528339152758,0.4355044612080371,0.0,0.0,0.0,0.1666666666666666,1.0,0.0909090909090909,22.0,1.2666666666666666,1.4,15.0,0.3319966481888218,0.4987575381347828,0.3375026822805909,0.5349604532170599,0.0,0.3756250000000001,0.0,0.0,,,,,,,,,123,90
quantile_regression_tau90_s123_2018,48h,2018,a97a6f3a59539d1f,quantile_regression_tau90,baseline,expanding,-0.958496602247212,-0.1916910402036917,0.5,0.1871345029239766,0.7804878048780488,0.3461538461538461,0.2195121951219512,0.8181818181818182,22.0,0.2,1.1333333333333333,15.0,-1.860054110056564,-0.3059216799705325,-0.4440651652502256,0.0146042069808078,0.2245228103424935,0.4588548492791612,0.3,0.6878125,,,,,,,,,123,90
gradient_boosting_tau90_s123_2018,48h,2018,a97a6f3a59539d1f,gradient_boosting_tau90,baseline,expanding,0.0804887333483354,0.3321524308575444,0.2272727272727272,0.0497076023391812,0.5666666666666667,0.5,0.4333333333333333,0.5909090909090909,22.0,0.6,1.0,15.0,-0.3960722893003688,0.3471980559582517,0.1511300136931274,0.4615257248048603,0.3224706744868035,0.6569651741293533,0.0554824561403508,0.4402500000000001,,,,,,,,,123,90
heuristic_ensemble_s123_2018,48h,2018,a97a6f3a59539d1f,heuristic_ensemble,baseline,expanding,-0.3236609897933176,0.1159528989395425,0.4545454545454545,0.1111111111111111,0.7037037037037037,0.4210526315789473,0.2962962962962963,0.7272727272727273,22.0,0.3333333333333333,1.1333333333333333,15.0,-0.9121870112786914,0.1839273501723564,-0.1062041447217425,0.2939555195847606,0.2932463768115942,0.5592457973648342,0.26875,0.6666666666666666,,,,,,,,,123,90
M5_s123_2019,48h,2019,90904365f819ea0c,M5,seq2seq_rf,expanding,0.2755011629296138,0.4301793465981905,0.3255813953488372,0.1645962732919254,0.6091954022988506,0.5230769230769231,0.3908045977011494,0.7906976744186046,43.0,-0.6875,1.5625,16.0,0.0436194090894553,0.4022784924775262,0.3090492277396955,0.5085941750328585,0.4200805322128851,0.6116656071201526,0.194895065229722,0.4886627906976745,,,,,,,,,123,90
quantile_regression_s123_2019,48h,2019,90904365f819ea0c,quantile_regression,baseline,expanding,0.4260728053110544,0.4360504495801485,0.0232558139534883,0.0341614906832298,0.4782608695652174,0.3636363636363636,0.5217391304347826,0.2790697674418604,43.0,0.375,1.5,16.0,0.3454596168611101,0.5452191320295476,0.3349089682079008,0.5974850208928493,0.2153846153846154,0.486653091447612,0.0,0.0769230769230769,,,,,,,,,123,90
gradient_boosting_quantile_s123_2019,48h,2019,90904365f819ea0c,gradient_boosting_quantile,baseline,expanding,0.4539006090580203,0.3993514693058977,0.0465116279069767,0.031055900621118,0.3448275862068966,0.5277777777777777,0.6551724137931034,0.4418604651162791,43.0,0.375,1.5,16.0,0.3891875321408583,0.5687877334166722,0.3087595970472407,0.5402119399001768,0.3926742685025818,0.6751462765957448,0.0,0.1071669884169884,,,,,,,,,123,90
quantile_regression_tau90_s123_2019,48h,2019,90904365f819ea0c,quantile_regression_tau90,baseline,expanding,-0.377866061384136,0.0287515515003544,0.5813953488372093,0.2577639751552795,0.664,0.5,0.336,0.9767441860465116,43.0,0.125,1.25,16.0,-1.28242525121067,0.0294972800569694,-0.2583361903147207,0.2235472615394182,0.4025974025974026,0.5874494949494949,0.4704514363885089,0.7320043777360851,,,,,,,,,123,90
gradient_boosting_tau90_s123_2019,48h,2019,90904365f819ea0c,gradient_boosting_tau90,baseline,expanding,0.3537160733443277,0.456525185429347,0.3720930232558139,0.1459627329192546,0.5662650602409639,0.5714285714285715,0.4337349397590361,0.8372093023255814,43.0,0.5625,1.6875,16.0,0.1331557168883846,0.4777902455186152,0.3499926584405906,0.5380654799196642,0.4714227642276423,0.6542738249539531,0.2261894995898277,0.5111240310077519,,,,,,,,,123,90
heuristic_ensemble_s123_2019,48h,2019,90904365f819ea0c,heuristic_ensemble,baseline,expanding,0.5097588537731592,0.471023381171999,0.5116279069767442,0.124223602484472,0.5063291139240507,0.639344262295082,0.4936708860759494,0.9069767441860463,43.0,0.25,1.625,16.0,0.2924972294313267,0.6115483784710509,0.3527828624141233,0.5434060057363083,0.5262209577999052,0.7247757073844031,0.3569642857142857,0.6829965156794425,,,,,,,,,123,90
M5_s123_2020,48h,2020,47cdc94764808f60,M5,seq2seq_rf,expanding,0.2076673374259741,0.45981299804703,0.4680851063829787,0.0599369085173501,0.3392857142857143,0.7184466019417476,0.6607142857142857,0.7872340425531915,47.0,0.0,1.5,20.0,-0.0435163798293413,0.3834711559419789,0.3166362129708579,0.5577945822317428,0.6169466218738334,0.7962135922330097,0.3402482269503546,0.5835227272727274,,,,,,,,,123,90
quantile_regression_s123_2020,48h,2020,47cdc94764808f60,quantile_regression,baseline,expanding,0.4813580191658084,0.4789563756201156,0.0425531914893617,0.0157728706624605,0.3125,0.3492063492063492,0.6875,0.2340425531914893,47.0,0.8,1.6,20.0,0.4079332477173207,0.5767205467701197,0.4001625775575348,0.5760725599270521,0.1753383458646616,0.4929347826086957,0.0,0.1027173913043478,,,,,,,,,123,90
gradient_boosting_quantile_s123_2020,48h,2020,47cdc94764808f60,gradient_boosting_quantile,baseline,expanding,0.5979620210009323,0.5550369460722235,0.0851063829787234,0.0063091482649842,0.0869565217391304,0.6,0.9130434782608696,0.4468085106382978,47.0,0.6,1.5,20.0,0.5202288824492874,0.6879914890530978,0.4719887958286997,0.647604217700352,0.4373468137254903,0.722348484848485,0.0208227040816326,0.1571078431372549,,,,,,,,,123,90
quantile_regression_tau90_s123_2020,48h,2020,47cdc94764808f60,quantile_regression_tau90,baseline,expanding,-0.5075717688935137,-0.083543047053566,0.6170212765957447,0.1924290220820189,0.5922330097087378,0.5599999999999999,0.4077669902912621,0.8936170212765957,47.0,0.55,1.35,20.0,-1.0100037059416296,-0.1626232337791768,-0.2964023636296548,0.0764958369093006,0.4587026344280043,0.6400714285714286,0.4790056818181818,0.7708333333333334,,,,,,,,,123,90
gradient_boosting_tau90_s123_2020,48h,2020,47cdc94764808f60,gradient_boosting_tau90,baseline,expanding,0.332451186231073,0.3784447524661399,0.6595744680851063,0.0946372239747634,0.4225352112676056,0.6949152542372881,0.5774647887323944,0.8723404255319149,47.0,0.1,1.6,20.0,0.1030063354677217,0.4785309895498693,0.2335710024963712,0.4705871848049307,0.5821768513230533,0.7732937077269932,0.5221590909090909,0.7895285087719298,,,,,,,,,123,90
heuristic_ensemble_s123_2020,48h,2020,47cdc94764808f60,heuristic_ensemble,baseline,expanding,0.1152215512563317,0.35469387103605,0.5531914893617021,0.0757097791798107,0.3809523809523809,0.7090909090909091,0.6190476190476191,0.8297872340425532,47.0,0.05,1.55,20.0,-0.2023238791428638,0.3612931566565061,0.1721886081462242,0.4830414926669756,0.6140966754155731,0.7963028779472956,0.4249305555555555,0.6911363636363637,,,,,,,,,123,90
M5_s123_2021,48h,2021,53effc183a5ddd3d,M5,seq2seq_rf,expanding,0.1952122911079681,0.3603565967382716,0.3333333333333333,0.0307262569832402,0.6875,0.4545454545454545,0.3125,0.8333333333333334,6.0,0.4,0.4,5.0,-0.4907339790812289,0.4979863841309844,0.1101471553901732,0.5139018789890084,0.1174836601307189,0.6957608695652175,0.0,0.8008333333333336,,,,,,,,,123,90
quantile_regression_s123_2021,48h,2021,53effc183a5ddd3d,quantile_regression,baseline,expanding,0.2806195766465648,0.3464456774853395,0.0,0.0027932960893854,1.0,0.0,0.0,0.0,6.0,1.8,1.8,5.0,0.1734995578876365,0.3515189987262098,0.2516974492927157,0.5049652896834985,0.0,0.0,0.0,0.0,,,,,,,,,123,90
gradient_boosting_quantile_s123_2021,48h,2021,53effc183a5ddd3d,gradient_boosting_quantile,baseline,expanding,0.3601886884523317,0.3704984677539871,0.0,0.0,0.0,0.0,0.0,0.0,6.0,0.4,0.4,5.0,0.2910732180362607,0.4610284049572092,0.2663357263153287,0.539694124687858,0.0,0.0,0.0,0.0,,,,,,,,,123,90
quantile_regression_tau90_s123_2021,48h,2021,53effc183a5ddd3d,quantile_regression_tau90,baseline,expanding,-0.7720839899859546,-0.3680651919846056,0.0,0.0586592178770949,0.7777777777777778,0.3636363636363636,0.2222222222222222,1.0,6.0,0.2,0.6,5.0,-2.6607475690097178,-0.0686148667591906,-0.826137221330758,-0.0688644322805394,0.1140601503759398,0.5405405405405406,0.0,0.0,,,,,,,,,123,90
gradient_boosting_tau90_s123_2021,48h,2021,53effc183a5ddd3d,gradient_boosting_tau90,baseline,expanding,-0.0261146457002943,0.2230619674534959,0.1666666666666666,0.0335195530726257,0.7058823529411765,0.4347826086956522,0.2941176470588235,0.8333333333333334,6.0,0.4,0.4,5.0,-1.1411397167330872,0.4327344677836042,-0.120616590933346,0.4440100701006138,0.1329411764705882,0.6666666666666666,0.0,0.5,,,,,,,,,123,90
heuristic_ensemble_s123_2021,48h,2021,53effc183a5ddd3d,heuristic_ensemble,baseline,expanding,0.0322354247026698,0.2005871460803234,0.1666666666666666,0.0307262569832402,0.6875,0.4545454545454545,0.3125,0.8333333333333334,6.0,0.8,0.8,5.0,-0.8861397177076059,0.4414180366567197,-0.0942703994702639,0.3992035362614969,0.133125,0.6927419354838712,0.0,0.6,,,,,,,,,123,90
M5_s123_2022,48h,2022,4067009db7422a3b,M5,seq2seq_rf,expanding,0.4658720747366627,0.5963022573385046,0.5476190476190477,0.0838509316770186,0.45,0.6470588235294117,0.55,0.7857142857142857,42.0,1.3888888888888888,1.5,18.0,0.259284524012781,0.5890624200458894,0.3910834261624903,0.6772410612128512,0.5249702380952381,0.7407789232531501,0.3809523809523809,0.708482142857143,,,,,,,,,123,90
quantile_regression_s123_2022,48h,2022,4067009db7422a3b,quantile_regression,baseline,expanding,0.3372787173148878,0.3742136026360793,0.119047619047619,0.0496894409937888,0.4705882352941176,0.4736842105263158,0.5294117647058824,0.4285714285714285,42.0,1.4444444444444444,1.6666666666666667,18.0,0.2100045267692415,0.4737998143009277,0.2503676551266715,0.5256689756768506,0.3235294117647059,0.6001162790697675,0.0199901960784313,0.2273051948051948,,,,,,,,,123,90
gradient_boosting_quantile_s123_2022,48h,2022,4067009db7422a3b,gradient_boosting_quantile,baseline,expanding,0.4098332698849135,0.353214753145698,0.0952380952380952,0.0186335403726708,0.2,0.6666666666666666,0.8,0.5714285714285714,42.0,1.0,1.8888888888888888,18.0,0.3081056584712653,0.528734136194386,0.2318381194456511,0.515403421968816,0.534907908992416,0.7907415533128566,0.0,0.2,,,,,,,,,123,90
quantile_regression_tau90_s123_2022,48h,2022,4067009db7422a3b,quantile_regression_tau90,baseline,expanding,-0.2449711587079155,-0.0303180146658923,0.6190476190476191,0.1925465838509316,0.6326530612244898,0.5142857142857143,0.3673469387755102,0.8571428571428571,42.0,0.7777777777777778,1.3333333333333333,18.0,-1.1327710887151676,0.1294042978727869,-0.4105384382293587,0.2324791989571177,0.3943495619385604,0.6154761904761906,0.4568844984802431,0.7661266924564797,,,,,,,,,123,90
gradient_boosting_tau90_s123_2022,48h,2022,4067009db7422a3b,gradient_boosting_tau90,baseline,expanding,0.4610132001858548,0.4797218161849816,0.5476190476190477,0.1118012422360248,0.5,0.631578947368421,0.5,0.8571428571428571,42.0,0.9444444444444444,1.3888888888888888,18.0,0.2284225287206626,0.5807039546327243,0.308205564210793,0.5770962244464292,0.5104891628554385,0.7313632729211087,0.3823665194700923,0.7113333333333334,,,,,,,,,123,90
heuristic_ensemble_s123_2022,48h,2022,4067009db7422a3b,heuristic_ensemble,baseline,expanding,0.5126369602327092,0.5747533496322217,0.5714285714285714,0.0807453416149068,0.4406779661016949,0.6534653465346535,0.559322033898305,0.7857142857142857,42.0,1.6111111111111112,1.6111111111111112,18.0,0.3245294530788517,0.622739924181352,0.3965035125068704,0.6614628013054631,0.5203547593958554,0.7555855855855855,0.4217857142857143,0.7250568181818182,,,,,,,,,123,90
M5_s123_2023,48h,2023,11eb39241a4c0e1e,M5,seq2seq_rf,expanding,-0.5535493125721531,0.1877875126391706,0.5,0.2211221122112211,0.5826086956521739,0.5423728813559321,0.417391304347826,0.7741935483870968,62.0,0.4,1.36,25.0,-1.3476282145956682,-0.0901677374917331,-0.0805079479190343,0.3483684529892208,0.4615384615384615,0.6185689739813452,0.3714170506912442,0.6296783625730994,,,,,,,,,123,90
quantile_regression_s123_2023,48h,2023,11eb39241a4c0e1e,quantile_regression,baseline,expanding,0.3590356410110737,0.4140463023075438,0.0806451612903225,0.0231023102310231,0.3043478260869565,0.3764705882352941,0.6956521739130435,0.2580645161290322,62.0,0.72,1.6,25.0,0.2672155569083504,0.4569931422981843,0.3076162658803726,0.5212941998495487,0.2322997416020671,0.4875,0.0192129629629629,0.1515408320493066,,,,,,,,,123,90
gradient_boosting_quantile_s123_2023,48h,2023,11eb39241a4c0e1e,gradient_boosting_quantile,baseline,expanding,0.4013747049271231,0.4315627878524967,0.0483870967741935,0.0396039603960396,0.4137931034482758,0.3736263736263736,0.5862068965517241,0.2741935483870967,62.0,0.64,1.28,25.0,0.3012036107885689,0.505066857180235,0.3205682288534207,0.5354390840623313,0.2629892037786774,0.4843274853801169,0.0,0.1111904761904762,,,,,,,,,123,90
quantile_regression_tau90_s123_2023,48h,2023,11eb39241a4c0e1e,quantile_regression_tau90,baseline,expanding,-0.8989509211450353,-0.0867130327204697,0.6935483870967742,0.3927392739273927,0.6685393258426966,0.4916666666666666,0.3314606741573033,0.9516129032258064,62.0,-0.04,1.24,25.0,-1.733596260528297,-0.3992612534289796,-0.3712282856355088,0.0862952727287183,0.409240465416936,0.556791569086651,0.5896825396825397,0.8000819672131149,,,,,,,,,123,90
gradient_boosting_tau90_s123_2023,48h,2023,11eb39241a4c0e1e,gradient_boosting_tau90,baseline,expanding,0.1383928167458862,0.3741785580467495,0.6129032258064516,0.2079207920792079,0.5431034482758621,0.5955056179775281,0.4568965517241379,0.8548387096774194,62.0,0.36,1.08,25.0,-0.1234565100354521,0.3320041816707508,0.2322252397873357,0.4786917983690744,0.5191647393702189,0.6667525773195877,0.5,0.7044227486128894,,,,,,,,,123,90
heuristic_ensemble_s123_2023,48h,2023,11eb39241a4c0e1e,heuristic_ensemble,baseline,expanding,-0.475831762224802,0.1931120462079727,0.5161290322580645,0.2145214521452145,0.5555555555555556,0.5810055865921788,0.4444444444444444,0.8387096774193549,62.0,0.44,1.32,25.0,-1.193017603802127,-0.0594649599831174,-0.0598186753083694,0.3452858661512952,0.5055373107097245,0.6521853546910755,0.4116268382352941,0.6492881794650561,,,,,,,,,123,90
M1_holdout_final_s123,48h,2025,920ef26979fff714,M1,seq2seq_base,holdout_final,0.4243067837696218,0.4679774291049693,0.0,0.0038461538461538,0.2,0.4210526315789473,0.8,0.2857142857142857,28.0,0.2222222222222222,1.0,18.0,0.2910540317192475,0.5227827625496726,0.3685522547200571,0.5695913870579188,0.1924133811230585,0.5945945945945945,0.0,0.0,,,,,,,,,123,90
M2_holdout_final_s123,48h,2025,0bd6fa0a432d9852,M2,seq2seq_base,holdout_final,0.3956802559139215,0.5174978481419964,0.2142857142857142,0.0288461538461538,0.5172413793103449,0.4912280701754385,0.4827586206896552,0.5,28.0,0.6111111111111112,1.0555555555555556,18.0,0.2348358311191988,0.4986327432387538,0.4250302754942695,0.5927280947558641,0.3074468085106382,0.6349896480331262,0.0868659420289855,0.346195652173913,,,,,,,,,123,90
M5_holdout_final_s123,48h,2025,93f46f14350dcea5,M5,seq2seq_rf,holdout_final,0.014933637531145072,0.2670346259819798,0.42857142857142855,0.1423076923076923,0.7789473684210526,0.3414634146341463,0.22105263157894736,0.75,28.0,-0.05555555555555555,1.0555555555555556,18.0,-0.37010924120020056,0.26949125831080134,0.10533082824273353,0.3847069179583788,0.2299437598213547,0.457164667393675,0.23995238095238094,0.5770833333333333,,,,,,,,,123,90
